Customer ID,Recency,Frequency,Monetary,R_Score,F_Score,M_Score,RFM_Score,RFM_Average,Customer_Segment,Recency_Risk,Frequency_Risk,Monetary_Risk,Risk_Score,Risk_Level
16651.0,587,1,136.2,1,1,1,3,1.0,Lost Customers,0.8,0.8,0.8,80.0,High Risk
16645.0,736,1,160.39,1,1,1,3,1.0,Lost Customers,0.8,0.8,0.8,80.0,High Risk
16622.0,544,1,225.4,1,1,1,3,1.0,Lost Customers,0.8,0.8,0.8,80.0,High Risk
12487.0,731,1,285.29999999999995,1,1,1,3,1.0,Lost Customers,0.8,0.8,0.8,80.0,High Risk
12470.0,690,1,211.95,1,1,1,3,1.0,Lost Customers,0.8,0.8,0.8,80.0,High Risk
12467.0,423,1,132.8,1,1,1,3,1.0,Lost Customers,0.8,0.8,0.8,80.0,High Risk
12466.0,682,1,56.73,1,1,1,3,1.0,Lost Customers,0.8,0.8,0.8,80.0,High Risk
16605.0,724,1,60.48,1,1,1,3,1.0,Lost Customers,0.8,0.8,0.8,80.0,High Risk
16578.0,626,1,156.6,1,1,1,3,1.0,Lost Customers,0.8,0.8,0.8,80.0,High Risk
16564.0,569,1,87.8,1,1,1,3,1.0,Lost Customers,0.8,0.8,0.8,80.0,High Risk
16562.0,477,1,223.85999999999999,1,1,1,3,1.0,Lost Customers,0.8,0.8,0.8,80.0,High Risk
16548.0,599,1,30.15,1,1,1,3,1.0,Lost Customers,0.8,0.8,0.8,80.0,High Risk
16547.0,546,1,104.25999999999999,1,1,1,3,1.0,Lost Customers,0.8,0.8,0.8,80.0,High Risk
16540.0,414,1,205.75,1,1,1,3,1.0,Lost Customers,0.8,0.8,0.8,80.0,High Risk
16537.0,641,1,23.35,1,1,1,3,1.0,Lost Customers,0.8,0.8,0.8,80.0,High Risk
16530.0,668,1,48.349999999999994,1,1,1,3,1.0,Lost Customers,0.8,0.8,0.8,80.0,High Risk
16508.0,630,1,240.95,1,1,1,3,1.0,Lost Customers,0.8,0.8,0.8,80.0,High Risk
16507.0,572,1,142.71,1,1,1,3,1.0,Lost Customers,0.8,0.8,0.8,80.0,High Risk
16490.0,436,1,205.41000000000003,1,1,1,3,1.0,Lost Customers,0.8,0.8,0.8,80.0,High Risk
16486.0,538,1,134.36,1,1,1,3,1.0,Lost Customers,0.8,0.8,0.8,80.0,High Risk
16459.0,730,1,71.78999999999999,1,1,1,3,1.0,Lost Customers,0.8,0.8,0.8,80.0,High Risk
16443.0,521,1,162.24,1,1,1,3,1.0,Lost Customers,0.8,0.8,0.8,80.0,High Risk
16417.0,493,1,35.7,1,1,1,3,1.0,Lost Customers,0.8,0.8,0.8,80.0,High Risk
16410.0,734,1,130.32,1,1,1,3,1.0,Lost Customers,0.8,0.8,0.8,80.0,High Risk
16408.0,591,1,231.93,1,1,1,3,1.0,Lost Customers,0.8,0.8,0.8,80.0,High Risk
16397.0,628,1,123.13,1,1,1,3,1.0,Lost Customers,0.8,0.8,0.8,80.0,High Risk
16396.0,476,1,137.8,1,1,1,3,1.0,Lost Customers,0.8,0.8,0.8,80.0,High Risk
16388.0,654,1,186.05,1,1,1,3,1.0,Lost Customers,0.8,0.8,0.8,80.0,High Risk
16371.0,449,1,157.2,1,1,1,3,1.0,Lost Customers,0.8,0.8,0.8,80.0,High Risk
16334.0,492,1,263.73,1,1,1,3,1.0,Lost Customers,0.8,0.8,0.8,80.0,High Risk
16312.0,432,1,171.15,1,1,1,3,1.0,Lost Customers,0.8,0.8,0.8,80.0,High Risk
16301.0,737,1,107.33,1,1,1,3,1.0,Lost Customers,0.8,0.8,0.8,80.0,High Risk
16299.0,477,1,193.65,1,1,1,3,1.0,Lost Customers,0.8,0.8,0.8,80.0,High Risk
16294.0,477,1,126.05000000000001,1,1,1,3,1.0,Lost Customers,0.8,0.8,0.8,80.0,High Risk
16291.0,682,1,117.72,1,1,1,3,1.0,Lost Customers,0.8,0.8,0.8,80.0,High Risk
16289.0,462,1,136.31,1,1,1,3,1.0,Lost Customers,0.8,0.8,0.8,80.0,High Risk
16288.0,470,1,129.85,1,1,1,3,1.0,Lost Customers,0.8,0.8,0.8,80.0,High Risk
16285.0,646,1,176.9,1,1,1,3,1.0,Lost Customers,0.8,0.8,0.8,80.0,High Risk
16280.0,725,1,238.05,1,1,1,3,1.0,Lost Customers,0.8,0.8,0.8,80.0,High Risk
16277.0,734,1,188.69,1,1,1,3,1.0,Lost Customers,0.8,0.8,0.8,80.0,High Risk
12606.0,682,1,21.0,1,1,1,3,1.0,Lost Customers,0.8,0.8,0.8,80.0,High Risk
12570.0,682,1,77.52,1,1,1,3,1.0,Lost Customers,0.8,0.8,0.8,80.0,High Risk
12568.0,645,1,70.0,1,1,1,3,1.0,Lost Customers,0.8,0.8,0.8,80.0,High Risk
12555.0,682,1,129.23,1,1,1,3,1.0,Lost Customers,0.8,0.8,0.8,80.0,High Risk
16267.0,591,1,186.66,1,1,1,3,1.0,Lost Customers,0.8,0.8,0.8,80.0,High Risk
16251.0,512,1,128.31,1,1,1,3,1.0,Lost Customers,0.8,0.8,0.8,80.0,High Risk
16238.0,423,1,63.66,1,1,1,3,1.0,Lost Customers,0.8,0.8,0.8,80.0,High Risk
16237.0,437,1,136.65,1,1,1,3,1.0,Lost Customers,0.8,0.8,0.8,80.0,High Risk
16219.0,501,1,40.8,1,1,1,3,1.0,Lost Customers,0.8,0.8,0.8,80.0,High Risk
12692.0,637,1,110.95,1,1,1,3,1.0,Lost Customers,0.8,0.8,0.8,80.0,High Risk
12661.0,436,1,162.0,1,1,1,3,1.0,Lost Customers,0.8,0.8,0.8,80.0,High Risk
12655.0,424,1,261.35,1,1,1,3,1.0,Lost Customers,0.8,0.8,0.8,80.0,High Risk
12636.0,739,1,141.0,1,1,1,3,1.0,Lost Customers,0.8,0.8,0.8,80.0,High Risk
16196.0,489,1,93.3,1,1,1,3,1.0,Lost Customers,0.8,0.8,0.8,80.0,High Risk
16165.0,505,1,79.9,1,1,1,3,1.0,Lost Customers,0.8,0.8,0.8,80.0,High Risk
16090.0,624,1,180.56,1,1,1,3,1.0,Lost Customers,0.8,0.8,0.8,80.0,High Risk
16082.0,670,1,106.75,1,1,1,3,1.0,Lost Customers,0.8,0.8,0.8,80.0,High Risk
16068.0,594,1,115.73,1,1,1,3,1.0,Lost Customers,0.8,0.8,0.8,80.0,High Risk
16064.0,725,1,109.31,1,1,1,3,1.0,Lost Customers,0.8,0.8,0.8,80.0,High Risk
16061.0,431,1,89.65,1,1,1,3,1.0,Lost Customers,0.8,0.8,0.8,80.0,High Risk
16051.0,682,1,188.44,1,1,1,3,1.0,Lost Customers,0.8,0.8,0.8,80.0,High Risk
16047.0,682,1,107.14,1,1,1,3,1.0,Lost Customers,0.8,0.8,0.8,80.0,High Risk
16046.0,562,1,235.78,1,1,1,3,1.0,Lost Customers,0.8,0.8,0.8,80.0,High Risk
16035.0,560,1,217.73,1,1,1,3,1.0,Lost Customers,0.8,0.8,0.8,80.0,High Risk
16028.0,596,1,82.2,1,1,1,3,1.0,Lost Customers,0.8,0.8,0.8,80.0,High Risk
16002.0,625,1,169.21,1,1,1,3,1.0,Lost Customers,0.8,0.8,0.8,80.0,High Risk
15999.0,736,1,20.4,1,1,1,3,1.0,Lost Customers,0.8,0.8,0.8,80.0,High Risk
15991.0,534,1,150.55,1,1,1,3,1.0,Lost Customers,0.8,0.8,0.8,80.0,High Risk
12751.0,445,1,268.27,1,1,1,3,1.0,Lost Customers,0.8,0.8,0.8,80.0,High Risk
12746.0,541,1,254.55,1,1,1,3,1.0,Lost Customers,0.8,0.8,0.8,80.0,High Risk
15964.0,663,1,269.21000000000004,1,1,1,3,1.0,Lost Customers,0.8,0.8,0.8,80.0,High Risk
15954.0,589,1,190.75,1,1,1,3,1.0,Lost Customers,0.8,0.8,0.8,80.0,High Risk
15931.0,428,1,239.9,1,1,1,3,1.0,Lost Customers,0.8,0.8,0.8,80.0,High Risk
15927.0,647,1,106.54,1,1,1,3,1.0,Lost Customers,0.8,0.8,0.8,80.0,High Risk
15926.0,542,1,134.44,1,1,1,3,1.0,Lost Customers,0.8,0.8,0.8,80.0,High Risk
15924.0,731,1,102.82,1,1,1,3,1.0,Lost Customers,0.8,0.8,0.8,80.0,High Risk
15913.0,534,1,6.300000000000001,1,1,1,3,1.0,Lost Customers,0.8,0.8,0.8,80.0,High Risk
15905.0,543,1,114.69,1,1,1,3,1.0,Lost Customers,0.8,0.8,0.8,80.0,High Risk
15892.0,669,1,128.2,1,1,1,3,1.0,Lost Customers,0.8,0.8,0.8,80.0,High Risk
15875.0,646,1,108.52,1,1,1,3,1.0,Lost Customers,0.8,0.8,0.8,80.0,High Risk
15871.0,437,1,33.099999999999994,1,1,1,3,1.0,Lost Customers,0.8,0.8,0.8,80.0,High Risk
15868.0,583,1,94.53,1,1,1,3,1.0,Lost Customers,0.8,0.8,0.8,80.0,High Risk
15851.0,527,1,109.73,1,1,1,3,1.0,Lost Customers,0.8,0.8,0.8,80.0,High Risk
12776.0,668,1,55.5,1,1,1,3,1.0,Lost Customers,0.8,0.8,0.8,80.0,High Risk
12774.0,536,1,98.7,1,1,1,3,1.0,Lost Customers,0.8,0.8,0.8,80.0,High Risk
12773.0,564,1,124.25,1,1,1,3,1.0,Lost Customers,0.8,0.8,0.8,80.0,High Risk
12771.0,486,1,282.3,1,1,1,3,1.0,Lost Customers,0.8,0.8,0.8,80.0,High Risk
12768.0,451,1,168.69000000000003,1,1,1,3,1.0,Lost Customers,0.8,0.8,0.8,80.0,High Risk
15848.0,622,1,137.99,1,1,1,3,1.0,Lost Customers,0.8,0.8,0.8,80.0,High Risk
15833.0,738,1,80.4,1,1,1,3,1.0,Lost Customers,0.8,0.8,0.8,80.0,High Risk
15788.0,509,1,221.82999999999998,1,1,1,3,1.0,Lost Customers,0.8,0.8,0.8,80.0,High Risk
15772.0,418,1,280.88,1,1,1,3,1.0,Lost Customers,0.8,0.8,0.8,80.0,High Risk
15761.0,443,1,143.05,1,1,1,3,1.0,Lost Customers,0.8,0.8,0.8,80.0,High Risk
15742.0,619,1,156.87,1,1,1,3,1.0,Lost Customers,0.8,0.8,0.8,80.0,High Risk
15731.0,554,1,125.3,1,1,1,3,1.0,Lost Customers,0.8,0.8,0.8,80.0,High Risk
15698.0,624,1,46.2,1,1,1,3,1.0,Lost Customers,0.8,0.8,0.8,80.0,High Risk
15697.0,690,1,246.75,1,1,1,3,1.0,Lost Customers,0.8,0.8,0.8,80.0,High Risk
15693.0,659,1,37.5,1,1,1,3,1.0,Lost Customers,0.8,0.8,0.8,80.0,High Risk
15688.0,419,1,190.57,1,1,1,3,1.0,Lost Customers,0.8,0.8,0.8,80.0,High Risk
15686.0,420,1,90.0,1,1,1,3,1.0,Lost Customers,0.8,0.8,0.8,80.0,High Risk
15685.0,450,1,55.980000000000004,1,1,1,3,1.0,Lost Customers,0.8,0.8,0.8,80.0,High Risk
12848.0,676,1,208.0,1,1,1,3,1.0,Lost Customers,0.8,0.8,0.8,80.0,High Risk
12846.0,682,1,15.58,1,1,1,3,1.0,Lost Customers,0.8,0.8,0.8,80.0,High Risk
12799.0,529,1,219.35,1,1,1,3,1.0,Lost Customers,0.8,0.8,0.8,80.0,High Risk
15672.0,725,1,45.300000000000004,1,1,1,3,1.0,Lost Customers,0.8,0.8,0.8,80.0,High Risk
15647.0,415,1,169.0,1,1,1,3,1.0,Lost Customers,0.8,0.8,0.8,80.0,High Risk
15642.0,730,1,105.78000000000002,1,1,1,3,1.0,Lost Customers,0.8,0.8,0.8,80.0,High Risk
15575.0,620,1,30.1,1,1,1,3,1.0,Lost Customers,0.8,0.8,0.8,80.0,High Risk
15558.0,639,1,202.68,1,1,1,3,1.0,Lost Customers,0.8,0.8,0.8,80.0,High Risk
15548.0,596,1,158.09,1,1,1,3,1.0,Lost Customers,0.8,0.8,0.8,80.0,High Risk
15534.0,726,1,162.25,1,1,1,3,1.0,Lost Customers,0.8,0.8,0.8,80.0,High Risk
15499.0,724,1,158.65,1,1,1,3,1.0,Lost Customers,0.8,0.8,0.8,80.0,High Risk
15496.0,631,1,146.14000000000001,1,1,1,3,1.0,Lost Customers,0.8,0.8,0.8,80.0,High Risk
15490.0,430,1,210.85,1,1,1,3,1.0,Lost Customers,0.8,0.8,0.8,80.0,High Risk
15487.0,680,1,231.32,1,1,1,3,1.0,Lost Customers,0.8,0.8,0.8,80.0,High Risk
15486.0,527,1,102.0,1,1,1,3,1.0,Lost Customers,0.8,0.8,0.8,80.0,High Risk
15479.0,733,1,147.4,1,1,1,3,1.0,Lost Customers,0.8,0.8,0.8,80.0,High Risk
15474.0,596,1,150.35,1,1,1,3,1.0,Lost Customers,0.8,0.8,0.8,80.0,High Risk
15470.0,576,1,63.419999999999995,1,1,1,3,1.0,Lost Customers,0.8,0.8,0.8,80.0,High Risk
12894.0,575,1,157.35,1,1,1,3,1.0,Lost Customers,0.8,0.8,0.8,80.0,High Risk
12861.0,620,1,68.25,1,1,1,3,1.0,Lost Customers,0.8,0.8,0.8,80.0,High Risk
12860.0,693,1,54.22,1,1,1,3,1.0,Lost Customers,0.8,0.8,0.8,80.0,High Risk
15455.0,598,1,38.25,1,1,1,3,1.0,Lost Customers,0.8,0.8,0.8,80.0,High Risk
15431.0,503,1,153.24,1,1,1,3,1.0,Lost Customers,0.8,0.8,0.8,80.0,High Risk
15409.0,721,1,131.25,1,1,1,3,1.0,Lost Customers,0.8,0.8,0.8,80.0,High Risk
15375.0,690,1,60.959999999999994,1,1,1,3,1.0,Lost Customers,0.8,0.8,0.8,80.0,High Risk
15371.0,662,1,59.400000000000006,1,1,1,3,1.0,Lost Customers,0.8,0.8,0.8,80.0,High Risk
15352.0,549,1,111.15,1,1,1,3,1.0,Lost Customers,0.8,0.8,0.8,80.0,High Risk
15340.0,562,1,105.5,1,1,1,3,1.0,Lost Customers,0.8,0.8,0.8,80.0,High Risk
15338.0,677,1,277.93,1,1,1,3,1.0,Lost Customers,0.8,0.8,0.8,80.0,High Risk
15324.0,701,1,140.22000000000003,1,1,1,3,1.0,Lost Customers,0.8,0.8,0.8,80.0,High Risk
15317.0,677,1,129.75,1,1,1,3,1.0,Lost Customers,0.8,0.8,0.8,80.0,High Risk
12964.0,437,1,132.24,1,1,1,3,1.0,Lost Customers,0.8,0.8,0.8,80.0,High Risk
12959.0,484,1,150.95,1,1,1,3,1.0,Lost Customers,0.8,0.8,0.8,80.0,High Risk
12954.0,639,1,162.45,1,1,1,3,1.0,Lost Customers,0.8,0.8,0.8,80.0,High Risk
12934.0,737,1,181.65,1,1,1,3,1.0,Lost Customers,0.8,0.8,0.8,80.0,High Risk
15305.0,555,1,93.6,1,1,1,3,1.0,Lost Customers,0.8,0.8,0.8,80.0,High Risk
15295.0,654,1,207.04,1,1,1,3,1.0,Lost Customers,0.8,0.8,0.8,80.0,High Risk
15294.0,411,1,233.35,1,1,1,3,1.0,Lost Customers,0.8,0.8,0.8,80.0,High Risk
15293.0,666,1,247.5,1,1,1,3,1.0,Lost Customers,0.8,0.8,0.8,80.0,High Risk
15284.0,500,1,24.75,1,1,1,3,1.0,Lost Customers,0.8,0.8,0.8,80.0,High Risk
15273.0,600,1,228.96,1,1,1,3,1.0,Lost Customers,0.8,0.8,0.8,80.0,High Risk
15250.0,641,1,60.0,1,1,1,3,1.0,Lost Customers,0.8,0.8,0.8,80.0,High Risk
15231.0,621,1,250.26,1,1,1,3,1.0,Lost Customers,0.8,0.8,0.8,80.0,High Risk
15229.0,586,1,160.5,1,1,1,3,1.0,Lost Customers,0.8,0.8,0.8,80.0,High Risk
15209.0,730,1,178.98000000000002,1,1,1,3,1.0,Lost Customers,0.8,0.8,0.8,80.0,High Risk
13009.0,673,1,234.0,1,1,1,3,1.0,Lost Customers,0.8,0.8,0.8,80.0,High Risk
13007.0,580,1,175.25,1,1,1,3,1.0,Lost Customers,0.8,0.8,0.8,80.0,High Risk
12992.0,725,1,93.35000000000001,1,1,1,3,1.0,Lost Customers,0.8,0.8,0.8,80.0,High Risk
12969.0,603,1,122.45,1,1,1,3,1.0,Lost Customers,0.8,0.8,0.8,80.0,High Risk
15166.0,468,1,167.16,1,1,1,3,1.0,Lost Customers,0.8,0.8,0.8,80.0,High Risk
15112.0,611,1,209.4,1,1,1,3,1.0,Lost Customers,0.8,0.8,0.8,80.0,High Risk
15082.0,669,1,93.35000000000001,1,1,1,3,1.0,Lost Customers,0.8,0.8,0.8,80.0,High Risk
15072.0,479,1,187.51999999999998,1,1,1,3,1.0,Lost Customers,0.8,0.8,0.8,80.0,High Risk
15056.0,520,1,113.64999999999999,1,1,1,3,1.0,Lost Customers,0.8,0.8,0.8,80.0,High Risk
15040.0,542,1,7.49,1,1,1,3,1.0,Lost Customers,0.8,0.8,0.8,80.0,High Risk
14999.0,593,1,129.48000000000002,1,1,1,3,1.0,Lost Customers,0.8,0.8,0.8,80.0,High Risk
14993.0,564,1,36.13,1,1,1,3,1.0,Lost Customers,0.8,0.8,0.8,80.0,High Risk
14992.0,442,1,210.5,1,1,1,3,1.0,Lost Customers,0.8,0.8,0.8,80.0,High Risk
14983.0,689,1,183.20000000000002,1,1,1,3,1.0,Lost Customers,0.8,0.8,0.8,80.0,High Risk
14982.0,572,1,237.78,1,1,1,3,1.0,Lost Customers,0.8,0.8,0.8,80.0,High Risk
14980.0,737,1,150.68,1,1,1,3,1.0,Lost Customers,0.8,0.8,0.8,80.0,High Risk
14977.0,726,1,31.929999999999996,1,1,1,3,1.0,Lost Customers,0.8,0.8,0.8,80.0,High Risk
14955.0,733,1,163.77,1,1,1,3,1.0,Lost Customers,0.8,0.8,0.8,80.0,High Risk
14945.0,414,1,179.4,1,1,1,3,1.0,Lost Customers,0.8,0.8,0.8,80.0,High Risk
13056.0,551,1,209.48,1,1,1,3,1.0,Lost Customers,0.8,0.8,0.8,80.0,High Risk
13053.0,622,1,127.65,1,1,1,3,1.0,Lost Customers,0.8,0.8,0.8,80.0,High Risk
13022.0,430,1,65.3,1,1,1,3,1.0,Lost Customers,0.8,0.8,0.8,80.0,High Risk
14943.0,663,1,107.62,1,1,1,3,1.0,Lost Customers,0.8,0.8,0.8,80.0,High Risk
14941.0,579,1,182.1,1,1,1,3,1.0,Lost Customers,0.8,0.8,0.8,80.0,High Risk
14928.0,628,1,223.91000000000003,1,1,1,3,1.0,Lost Customers,0.8,0.8,0.8,80.0,High Risk
14906.0,445,1,68.44,1,1,1,3,1.0,Lost Customers,0.8,0.8,0.8,80.0,High Risk
14900.0,522,1,13.919999999999998,1,1,1,3,1.0,Lost Customers,0.8,0.8,0.8,80.0,High Risk
14892.0,691,1,202.35000000000002,1,1,1,3,1.0,Lost Customers,0.8,0.8,0.8,80.0,High Risk
14884.0,669,1,120.6,1,1,1,3,1.0,Lost Customers,0.8,0.8,0.8,80.0,High Risk
14879.0,685,1,185.06,1,1,1,3,1.0,Lost Customers,0.8,0.8,0.8,80.0,High Risk
14874.0,535,1,116.18,1,1,1,3,1.0,Lost Customers,0.8,0.8,0.8,80.0,High Risk
14858.0,506,1,180.75,1,1,1,3,1.0,Lost Customers,0.8,0.8,0.8,80.0,High Risk
14845.0,600,1,150.0,1,1,1,3,1.0,Lost Customers,0.8,0.8,0.8,80.0,High Risk
14843.0,437,1,211.79999999999998,1,1,1,3,1.0,Lost Customers,0.8,0.8,0.8,80.0,High Risk
14833.0,499,1,94.8,1,1,1,3,1.0,Lost Customers,0.8,0.8,0.8,80.0,High Risk
13114.0,731,1,234.38,1,1,1,3,1.0,Lost Customers,0.8,0.8,0.8,80.0,High Risk
13112.0,541,1,20.6,1,1,1,3,1.0,Lost Customers,0.8,0.8,0.8,80.0,High Risk
13105.0,436,1,72.0,1,1,1,3,1.0,Lost Customers,0.8,0.8,0.8,80.0,High Risk
13088.0,417,1,236.11,1,1,1,3,1.0,Lost Customers,0.8,0.8,0.8,80.0,High Risk
13084.0,492,1,122.39999999999999,1,1,1,3,1.0,Lost Customers,0.8,0.8,0.8,80.0,High Risk
13076.0,458,1,135.4,1,1,1,3,1.0,Lost Customers,0.8,0.8,0.8,80.0,High Risk
13071.0,612,1,129.22,1,1,1,3,1.0,Lost Customers,0.8,0.8,0.8,80.0,High Risk
13063.0,481,1,188.4,1,1,1,3,1.0,Lost Customers,0.8,0.8,0.8,80.0,High Risk
14822.0,485,1,157.70000000000002,1,1,1,3,1.0,Lost Customers,0.8,0.8,0.8,80.0,High Risk
14814.0,581,1,154.21,1,1,1,3,1.0,Lost Customers,0.8,0.8,0.8,80.0,High Risk
14812.0,599,1,178.85,1,1,1,3,1.0,Lost Customers,0.8,0.8,0.8,80.0,High Risk
14787.0,471,1,110.65,1,1,1,3,1.0,Lost Customers,0.8,0.8,0.8,80.0,High Risk
14786.0,550,1,90.96,1,1,1,3,1.0,Lost Customers,0.8,0.8,0.8,80.0,High Risk
13163.0,610,1,17.65,1,1,1,3,1.0,Lost Customers,0.8,0.8,0.8,80.0,High Risk
13128.0,631,1,263.5,1,1,1,3,1.0,Lost Customers,0.8,0.8,0.8,80.0,High Risk
13125.0,524,1,148.62,1,1,1,3,1.0,Lost Customers,0.8,0.8,0.8,80.0,High Risk
13119.0,669,1,134.9,1,1,1,3,1.0,Lost Customers,0.8,0.8,0.8,80.0,High Risk
14774.0,529,1,241.45,1,1,1,3,1.0,Lost Customers,0.8,0.8,0.8,80.0,High Risk
14773.0,593,1,140.55,1,1,1,3,1.0,Lost Customers,0.8,0.8,0.8,80.0,High Risk
14750.0,736,1,112.03,1,1,1,3,1.0,Lost Customers,0.8,0.8,0.8,80.0,High Risk
14743.0,593,1,50.48,1,1,1,3,1.0,Lost Customers,0.8,0.8,0.8,80.0,High Risk
14728.0,413,1,190.58,1,1,1,3,1.0,Lost Customers,0.8,0.8,0.8,80.0,High Risk
14726.0,655,1,116.5,1,1,1,3,1.0,Lost Customers,0.8,0.8,0.8,80.0,High Risk
14717.0,733,1,81.3,1,1,1,3,1.0,Lost Customers,0.8,0.8,0.8,80.0,High Risk
14694.0,617,1,244.31,1,1,1,3,1.0,Lost Customers,0.8,0.8,0.8,80.0,High Risk
14683.0,588,1,146.56,1,1,1,3,1.0,Lost Customers,0.8,0.8,0.8,80.0,High Risk
14677.0,593,1,184.91,1,1,1,3,1.0,Lost Customers,0.8,0.8,0.8,80.0,High Risk
14674.0,509,1,173.66,1,1,1,3,1.0,Lost Customers,0.8,0.8,0.8,80.0,High Risk
14668.0,445,1,111.63,1,1,1,3,1.0,Lost Customers,0.8,0.8,0.8,80.0,High Risk
14654.0,738,1,246.86,1,1,1,3,1.0,Lost Customers,0.8,0.8,0.8,80.0,High Risk
14650.0,589,1,62.5,1,1,1,3,1.0,Lost Customers,0.8,0.8,0.8,80.0,High Risk
14637.0,677,1,106.67999999999999,1,1,1,3,1.0,Lost Customers,0.8,0.8,0.8,80.0,High Risk
14635.0,454,1,215.22,1,1,1,3,1.0,Lost Customers,0.8,0.8,0.8,80.0,High Risk
13195.0,414,1,136.73,1,1,1,3,1.0,Lost Customers,0.8,0.8,0.8,80.0,High Risk
13191.0,658,1,164.69,1,1,1,3,1.0,Lost Customers,0.8,0.8,0.8,80.0,High Risk
13180.0,607,1,86.10000000000001,1,1,1,3,1.0,Lost Customers,0.8,0.8,0.8,80.0,High Risk
14613.0,680,1,76.32000000000001,1,1,1,3,1.0,Lost Customers,0.8,0.8,0.8,80.0,High Risk
14604.0,633,1,143.85999999999999,1,1,1,3,1.0,Lost Customers,0.8,0.8,0.8,80.0,High Risk
14602.0,656,1,205.35999999999999,1,1,1,3,1.0,Lost Customers,0.8,0.8,0.8,80.0,High Risk
14596.0,627,1,222.22000000000003,1,1,1,3,1.0,Lost Customers,0.8,0.8,0.8,80.0,High Risk
14588.0,578,1,135.39,1,1,1,3,1.0,Lost Customers,0.8,0.8,0.8,80.0,High Risk
14580.0,518,1,14.850000000000001,1,1,1,3,1.0,Lost Customers,0.8,0.8,0.8,80.0,High Risk
14579.0,432,1,105.56,1,1,1,3,1.0,Lost Customers,0.8,0.8,0.8,80.0,High Risk
14574.0,733,1,143.70000000000002,1,1,1,3,1.0,Lost Customers,0.8,0.8,0.8,80.0,High Risk
14571.0,425,1,160.0,1,1,1,3,1.0,Lost Customers,0.8,0.8,0.8,80.0,High Risk
13257.0,436,1,149.75,1,1,1,3,1.0,Lost Customers,0.8,0.8,0.8,80.0,High Risk
13241.0,412,1,112.53,1,1,1,3,1.0,Lost Customers,0.8,0.8,0.8,80.0,High Risk
13222.0,577,1,88.5,1,1,1,3,1.0,Lost Customers,0.8,0.8,0.8,80.0,High Risk
13219.0,618,1,76.23,1,1,1,3,1.0,Lost Customers,0.8,0.8,0.8,80.0,High Risk
14521.0,491,1,199.45000000000002,1,1,1,3,1.0,Lost Customers,0.8,0.8,0.8,80.0,High Risk
14516.0,516,1,151.17,1,1,1,3,1.0,Lost Customers,0.8,0.8,0.8,80.0,High Risk
14509.0,534,1,110.95,1,1,1,3,1.0,Lost Customers,0.8,0.8,0.8,80.0,High Risk
14468.0,734,1,204.24,1,1,1,3,1.0,Lost Customers,0.8,0.8,0.8,80.0,High Risk
14445.0,456,1,221.65,1,1,1,3,1.0,Lost Customers,0.8,0.8,0.8,80.0,High Risk
14444.0,456,1,120.44,1,1,1,3,1.0,Lost Customers,0.8,0.8,0.8,80.0,High Risk
14435.0,502,1,90.42,1,1,1,3,1.0,Lost Customers,0.8,0.8,0.8,80.0,High Risk
14433.0,466,1,280.7,1,1,1,3,1.0,Lost Customers,0.8,0.8,0.8,80.0,High Risk
14394.0,565,1,93.8,1,1,1,3,1.0,Lost Customers,0.8,0.8,0.8,80.0,High Risk
14392.0,432,1,266.4,1,1,1,3,1.0,Lost Customers,0.8,0.8,0.8,80.0,High Risk
14391.0,577,1,135.6,1,1,1,3,1.0,Lost Customers,0.8,0.8,0.8,80.0,High Risk
13312.0,451,1,124.75,1,1,1,3,1.0,Lost Customers,0.8,0.8,0.8,80.0,High Risk
13306.0,430,1,53.65,1,1,1,3,1.0,Lost Customers,0.8,0.8,0.8,80.0,High Risk
13290.0,438,1,208.63,1,1,1,3,1.0,Lost Customers,0.8,0.8,0.8,80.0,High Risk
14384.0,501,1,58.5,1,1,1,3,1.0,Lost Customers,0.8,0.8,0.8,80.0,High Risk
14380.0,682,1,48.96,1,1,1,3,1.0,Lost Customers,0.8,0.8,0.8,80.0,High Risk
14378.0,622,1,131.25,1,1,1,3,1.0,Lost Customers,0.8,0.8,0.8,80.0,High Risk
14376.0,683,1,215.46,1,1,1,3,1.0,Lost Customers,0.8,0.8,0.8,80.0,High Risk
14374.0,541,1,108.0,1,1,1,3,1.0,Lost Customers,0.8,0.8,0.8,80.0,High Risk
14366.0,525,1,136.0,1,1,1,3,1.0,Lost Customers,0.8,0.8,0.8,80.0,High Risk
14361.0,579,1,214.70999999999998,1,1,1,3,1.0,Lost Customers,0.8,0.8,0.8,80.0,High Risk
14347.0,737,1,82.6,1,1,1,3,1.0,Lost Customers,0.8,0.8,0.8,80.0,High Risk
14330.0,624,1,200.63,1,1,1,3,1.0,Lost Customers,0.8,0.8,0.8,80.0,High Risk
14325.0,570,1,245.48000000000002,1,1,1,3,1.0,Lost Customers,0.8,0.8,0.8,80.0,High Risk
14318.0,460,1,158.02,1,1,1,3,1.0,Lost Customers,0.8,0.8,0.8,80.0,High Risk
14274.0,686,1,256.6,1,1,1,3,1.0,Lost Customers,0.8,0.8,0.8,80.0,High Risk
14266.0,428,1,40.56,1,1,1,3,1.0,Lost Customers,0.8,0.8,0.8,80.0,High Risk
13326.0,432,1,281.76,1,1,1,3,1.0,Lost Customers,0.8,0.8,0.8,80.0,High Risk
14207.0,688,1,157.8,1,1,1,3,1.0,Lost Customers,0.8,0.8,0.8,80.0,High Risk
14190.0,666,1,79.9,1,1,1,3,1.0,Lost Customers,0.8,0.8,0.8,80.0,High Risk
14187.0,474,1,123.5,1,1,1,3,1.0,Lost Customers,0.8,0.8,0.8,80.0,High Risk
14153.0,483,1,233.4,1,1,1,3,1.0,Lost Customers,0.8,0.8,0.8,80.0,High Risk
14144.0,486,1,30.599999999999998,1,1,1,3,1.0,Lost Customers,0.8,0.8,0.8,80.0,High Risk
14131.0,649,1,168.22,1,1,1,3,1.0,Lost Customers,0.8,0.8,0.8,80.0,High Risk
14106.0,737,1,214.79999999999998,1,1,1,3,1.0,Lost Customers,0.8,0.8,0.8,80.0,High Risk
14095.0,723,1,2.95,1,1,1,3,1.0,Lost Customers,0.8,0.8,0.8,80.0,High Risk
14086.0,463,1,39.95,1,1,1,3,1.0,Lost Customers,0.8,0.8,0.8,80.0,High Risk
14084.0,512,1,150.5,1,1,1,3,1.0,Lost Customers,0.8,0.8,0.8,80.0,High Risk
14074.0,623,1,219.39999999999998,1,1,1,3,1.0,Lost Customers,0.8,0.8,0.8,80.0,High Risk
14033.0,555,1,109.44,1,1,1,3,1.0,Lost Customers,0.8,0.8,0.8,80.0,High Risk
14017.0,571,1,229.75,1,1,1,3,1.0,Lost Customers,0.8,0.8,0.8,80.0,High Risk
14007.0,513,1,79.48,1,1,1,3,1.0,Lost Customers,0.8,0.8,0.8,80.0,High Risk
14003.0,733,1,209.41,1,1,1,3,1.0,Lost Customers,0.8,0.8,0.8,80.0,High Risk
13392.0,677,1,91.14,1,1,1,3,1.0,Lost Customers,0.8,0.8,0.8,80.0,High Risk
13387.0,417,1,186.94,1,1,1,3,1.0,Lost Customers,0.8,0.8,0.8,80.0,High Risk
13380.0,433,1,62.4,1,1,1,3,1.0,Lost Customers,0.8,0.8,0.8,80.0,High Risk
13968.0,423,1,123.66,1,1,1,3,1.0,Lost Customers,0.8,0.8,0.8,80.0,High Risk
13944.0,653,1,200.43,1,1,1,3,1.0,Lost Customers,0.8,0.8,0.8,80.0,High Risk
13943.0,578,1,246.54,1,1,1,3,1.0,Lost Customers,0.8,0.8,0.8,80.0,High Risk
13913.0,507,1,42.22,1,1,1,3,1.0,Lost Customers,0.8,0.8,0.8,80.0,High Risk
13912.0,424,1,124.95,1,1,1,3,1.0,Lost Customers,0.8,0.8,0.8,80.0,High Risk
13907.0,692,1,136.8,1,1,1,3,1.0,Lost Customers,0.8,0.8,0.8,80.0,High Risk
13852.0,611,1,187.35000000000002,1,1,1,3,1.0,Lost Customers,0.8,0.8,0.8,80.0,High Risk
13839.0,486,1,139.95000000000002,1,1,1,3,1.0,Lost Customers,0.8,0.8,0.8,80.0,High Risk
13830.0,582,1,156.85000000000002,1,1,1,3,1.0,Lost Customers,0.8,0.8,0.8,80.0,High Risk
13829.0,421,1,102.0,1,1,1,3,1.0,Lost Customers,0.8,0.8,0.8,80.0,High Risk
13818.0,430,1,61.28,1,1,1,3,1.0,Lost Customers,0.8,0.8,0.8,80.0,High Risk
13794.0,547,1,126.03,1,1,1,3,1.0,Lost Customers,0.8,0.8,0.8,80.0,High Risk
13793.0,647,1,96.0,1,1,1,3,1.0,Lost Customers,0.8,0.8,0.8,80.0,High Risk
13788.0,505,1,3.75,1,1,1,3,1.0,Lost Customers,0.8,0.8,0.8,80.0,High Risk
13779.0,516,1,161.13,1,1,1,3,1.0,Lost Customers,0.8,0.8,0.8,80.0,High Risk
13766.0,495,1,190.35,1,1,1,3,1.0,Lost Customers,0.8,0.8,0.8,80.0,High Risk
13757.0,675,1,195.55,1,1,1,3,1.0,Lost Customers,0.8,0.8,0.8,80.0,High Risk
13469.0,653,1,82.4,1,1,1,3,1.0,Lost Customers,0.8,0.8,0.8,80.0,High Risk
13454.0,641,1,219.87,1,1,1,3,1.0,Lost Customers,0.8,0.8,0.8,80.0,High Risk
13445.0,626,1,241.89999999999998,1,1,1,3,1.0,Lost Customers,0.8,0.8,0.8,80.0,High Risk
13438.0,547,1,46.5,1,1,1,3,1.0,Lost Customers,0.8,0.8,0.8,80.0,High Risk
13423.0,429,1,217.03,1,1,1,3,1.0,Lost Customers,0.8,0.8,0.8,80.0,High Risk
13746.0,414,1,176.69,1,1,1,3,1.0,Lost Customers,0.8,0.8,0.8,80.0,High Risk
13724.0,637,1,213.01,1,1,1,3,1.0,Lost Customers,0.8,0.8,0.8,80.0,High Risk
13714.0,465,1,161.35,1,1,1,3,1.0,Lost Customers,0.8,0.8,0.8,80.0,High Risk
13702.0,446,1,135.18,1,1,1,3,1.0,Lost Customers,0.8,0.8,0.8,80.0,High Risk
13701.0,447,1,161.0,1,1,1,3,1.0,Lost Customers,0.8,0.8,0.8,80.0,High Risk
13683.0,458,1,258.6,1,1,1,3,1.0,Lost Customers,0.8,0.8,0.8,80.0,High Risk
13674.0,433,1,240.68,1,1,1,3,1.0,Lost Customers,0.8,0.8,0.8,80.0,High Risk
13653.0,488,1,152.2,1,1,1,3,1.0,Lost Customers,0.8,0.8,0.8,80.0,High Risk
13511.0,677,1,282.76,1,1,1,3,1.0,Lost Customers,0.8,0.8,0.8,80.0,High Risk
13490.0,654,1,154.25,1,1,1,3,1.0,Lost Customers,0.8,0.8,0.8,80.0,High Risk
13620.0,528,1,112.34,1,1,1,3,1.0,Lost Customers,0.8,0.8,0.8,80.0,High Risk
13609.0,593,1,167.35,1,1,1,3,1.0,Lost Customers,0.8,0.8,0.8,80.0,High Risk
13608.0,541,1,232.05,1,1,1,3,1.0,Lost Customers,0.8,0.8,0.8,80.0,High Risk
13586.0,541,1,127.28,1,1,1,3,1.0,Lost Customers,0.8,0.8,0.8,80.0,High Risk
12416.0,657,1,202.56,1,1,1,3,1.0,Lost Customers,0.8,0.8,0.8,80.0,High Risk
12404.0,682,1,63.24,1,1,1,3,1.0,Lost Customers,0.8,0.8,0.8,80.0,High Risk
12400.0,414,1,205.25,1,1,1,3,1.0,Lost Customers,0.8,0.8,0.8,80.0,High Risk
12392.0,591,1,234.75000000000003,1,1,1,3,1.0,Lost Customers,0.8,0.8,0.8,80.0,High Risk
12387.0,415,1,143.94,1,1,1,3,1.0,Lost Customers,0.8,0.8,0.8,80.0,High Risk
18197.0,576,1,230.1,1,2,1,4,1.3333333333333333,Lost Customers,0.8,0.6,0.8,75.0,High Risk
13574.0,411,1,404.45,1,1,2,4,1.3333333333333333,Lost Customers,0.8,0.8,0.6,75.0,High Risk
17260.0,411,1,120.95,1,2,1,4,1.3333333333333333,Lost Customers,0.8,0.6,0.8,75.0,High Risk
18234.0,552,1,179.6,1,2,1,4,1.3333333333333333,Lost Customers,0.8,0.6,0.8,75.0,High Risk
18238.0,515,1,270.92,1,2,1,4,1.3333333333333333,Lost Customers,0.8,0.6,0.8,75.0,High Risk
18254.0,581,1,267.9,1,2,1,4,1.3333333333333333,Lost Customers,0.8,0.6,0.8,75.0,High Risk
18175.0,676,1,176.1,1,2,1,4,1.3333333333333333,Lost Customers,0.8,0.6,0.8,75.0,High Risk
18166.0,624,1,175.5,1,2,1,4,1.3333333333333333,Lost Customers,0.8,0.6,0.8,75.0,High Risk
15718.0,540,1,293.79,1,1,2,4,1.3333333333333333,Lost Customers,0.8,0.8,0.6,75.0,High Risk
13640.0,611,1,405.0,1,1,2,4,1.3333333333333333,Lost Customers,0.8,0.8,0.6,75.0,High Risk
13498.0,730,1,327.38,1,1,2,4,1.3333333333333333,Lost Customers,0.8,0.8,0.6,75.0,High Risk
13530.0,634,1,402.97999999999996,1,1,2,4,1.3333333333333333,Lost Customers,0.8,0.8,0.6,75.0,High Risk
16731.0,648,1,170.3,1,2,1,4,1.3333333333333333,Lost Customers,0.8,0.6,0.8,75.0,High Risk
16733.0,530,1,259.68,1,2,1,4,1.3333333333333333,Lost Customers,0.8,0.6,0.8,75.0,High Risk
12495.0,641,1,357.4,1,1,2,4,1.3333333333333333,Lost Customers,0.8,0.8,0.6,75.0,High Risk
18279.0,519,1,231.33999999999997,1,2,1,4,1.3333333333333333,Lost Customers,0.8,0.6,0.8,75.0,High Risk
16673.0,679,1,171.13,1,2,1,4,1.3333333333333333,Lost Customers,0.8,0.6,0.8,75.0,High Risk
15735.0,421,1,327.68,1,1,2,4,1.3333333333333333,Lost Customers,0.8,0.8,0.6,75.0,High Risk
15662.0,661,2,283.73,1,2,1,4,1.3333333333333333,Lost Customers,0.8,0.6,0.8,75.0,High Risk
12819.0,458,1,540.52,1,1,2,4,1.3333333333333333,Lost Customers,0.8,0.8,0.6,75.0,High Risk
17215.0,464,1,186.15,1,2,1,4,1.3333333333333333,Lost Customers,0.8,0.6,0.8,75.0,High Risk
12899.0,414,1,366.4,1,1,2,4,1.3333333333333333,Lost Customers,0.8,0.8,0.6,75.0,High Risk
17261.0,510,1,221.59,1,2,1,4,1.3333333333333333,Lost Customers,0.8,0.6,0.8,75.0,High Risk
17264.0,424,1,268.28,1,2,1,4,1.3333333333333333,Lost Customers,0.8,0.6,0.8,75.0,High Risk
17271.0,736,1,204.3,1,2,1,4,1.3333333333333333,Lost Customers,0.8,0.6,0.8,75.0,High Risk
15588.0,678,1,579.6,1,1,2,4,1.3333333333333333,Lost Customers,0.8,0.8,0.6,75.0,High Risk
13676.0,539,2,243.9,1,2,1,4,1.3333333333333333,Lost Customers,0.8,0.6,0.8,75.0,High Risk
13688.0,635,1,375.5,1,1,2,4,1.3333333333333333,Lost Customers,0.8,0.8,0.6,75.0,High Risk
18103.0,549,1,105.8,1,2,1,4,1.3333333333333333,Lost Customers,0.8,0.6,0.8,75.0,High Risk
18267.0,673,1,269.37,1,2,1,4,1.3333333333333333,Lost Customers,0.8,0.6,0.8,75.0,High Risk
13553.0,675,1,499.6,1,1,2,4,1.3333333333333333,Lost Customers,0.8,0.8,0.6,75.0,High Risk
13556.0,429,2,200.82,1,2,1,4,1.3333333333333333,Lost Customers,0.8,0.6,0.8,75.0,High Risk
18124.0,472,1,102.65,1,2,1,4,1.3333333333333333,Lost Customers,0.8,0.6,0.8,75.0,High Risk
13625.0,597,1,301.26,1,1,2,4,1.3333333333333333,Lost Customers,0.8,0.8,0.6,75.0,High Risk
13628.0,676,1,310.14,1,1,2,4,1.3333333333333333,Lost Customers,0.8,0.8,0.6,75.0,High Risk
13424.0,450,1,572.77,1,1,2,4,1.3333333333333333,Lost Customers,0.8,0.8,0.6,75.0,High Risk
13457.0,689,2,148.22,1,2,1,4,1.3333333333333333,Lost Customers,0.8,0.6,0.8,75.0,High Risk
13661.0,603,1,325.24,1,1,2,4,1.3333333333333333,Lost Customers,0.8,0.8,0.6,75.0,High Risk
16649.0,520,1,306.58000000000004,1,1,2,4,1.3333333333333333,Lost Customers,0.8,0.8,0.6,75.0,High Risk
16663.0,729,1,165.0,1,2,1,4,1.3333333333333333,Lost Customers,0.8,0.6,0.8,75.0,High Risk
16664.0,569,1,109.2,1,2,1,4,1.3333333333333333,Lost Customers,0.8,0.6,0.8,75.0,High Risk
16615.0,626,1,291.5,1,1,2,4,1.3333333333333333,Lost Customers,0.8,0.8,0.6,75.0,High Risk
15595.0,488,1,357.6,1,1,2,4,1.3333333333333333,Lost Customers,0.8,0.8,0.6,75.0,High Risk
15613.0,610,1,433.71999999999997,1,1,2,4,1.3333333333333333,Lost Customers,0.8,0.8,0.6,75.0,High Risk
15616.0,438,1,317.11,1,1,2,4,1.3333333333333333,Lost Customers,0.8,0.8,0.6,75.0,High Risk
15631.0,642,1,596.67,1,1,2,4,1.3333333333333333,Lost Customers,0.8,0.8,0.6,75.0,High Risk
12850.0,446,1,330.0,1,1,2,4,1.3333333333333333,Lost Customers,0.8,0.8,0.6,75.0,High Risk
15702.0,476,2,140.39000000000001,1,2,1,4,1.3333333333333333,Lost Customers,0.8,0.6,0.8,75.0,High Risk
15770.0,613,1,321.45,1,1,2,4,1.3333333333333333,Lost Customers,0.8,0.8,0.6,75.0,High Risk
15778.0,431,1,307.95,1,1,2,4,1.3333333333333333,Lost Customers,0.8,0.8,0.6,75.0,High Risk
15779.0,463,2,124.08000000000001,1,2,1,4,1.3333333333333333,Lost Customers,0.8,0.6,0.8,75.0,High Risk
15816.0,542,2,144.14999999999998,1,2,1,4,1.3333333333333333,Lost Customers,0.8,0.6,0.8,75.0,High Risk
15818.0,588,1,340.5,1,1,2,4,1.3333333333333333,Lost Customers,0.8,0.8,0.6,75.0,High Risk
16819.0,465,2,182.59,1,2,1,4,1.3333333333333333,Lost Customers,0.8,0.6,0.8,75.0,High Risk
18046.0,650,1,189.63,1,2,1,4,1.3333333333333333,Lost Customers,0.8,0.6,0.8,75.0,High Risk
13765.0,653,1,352.821,1,1,2,4,1.3333333333333333,Lost Customers,0.8,0.8,0.6,75.0,High Risk
13796.0,499,1,289.7,1,1,2,4,1.3333333333333333,Lost Customers,0.8,0.8,0.6,75.0,High Risk
16822.0,686,1,181.39,1,2,1,4,1.3333333333333333,Lost Customers,0.8,0.6,0.8,75.0,High Risk
16831.0,565,1,91.8,1,2,1,4,1.3333333333333333,Lost Customers,0.8,0.6,0.8,75.0,High Risk
18107.0,442,1,165.88,1,2,1,4,1.3333333333333333,Lost Customers,0.8,0.6,0.8,75.0,High Risk
18115.0,698,1,9.700000000000001,1,2,1,4,1.3333333333333333,Lost Customers,0.8,0.6,0.8,75.0,High Risk
15564.0,463,2,70.74000000000001,1,2,1,4,1.3333333333333333,Lost Customers,0.8,0.6,0.8,75.0,High Risk
17304.0,534,1,111.5,1,2,1,4,1.3333333333333333,Lost Customers,0.8,0.6,0.8,75.0,High Risk
12900.0,422,1,340.33,1,1,2,4,1.3333333333333333,Lost Customers,0.8,0.8,0.6,75.0,High Risk
15459.0,417,2,202.82999999999998,1,2,1,4,1.3333333333333333,Lost Customers,0.8,0.6,0.8,75.0,High Risk
15477.0,650,1,368.4,1,1,2,4,1.3333333333333333,Lost Customers,0.8,0.8,0.6,75.0,High Risk
15451.0,434,2,226.86,1,2,1,4,1.3333333333333333,Lost Customers,0.8,0.6,0.8,75.0,High Risk
15741.0,458,2,208.62,1,2,1,4,1.3333333333333333,Lost Customers,0.8,0.6,0.8,75.0,High Risk
15765.0,667,1,370.63,1,1,2,4,1.3333333333333333,Lost Customers,0.8,0.8,0.6,75.0,High Risk
15391.0,584,1,289.87,1,1,2,4,1.3333333333333333,Lost Customers,0.8,0.8,0.6,75.0,High Risk
15401.0,452,2,216.95000000000002,1,2,1,4,1.3333333333333333,Lost Customers,0.8,0.6,0.8,75.0,High Risk
15403.0,492,2,170.88,1,2,1,4,1.3333333333333333,Lost Customers,0.8,0.6,0.8,75.0,High Risk
12460.0,456,1,326.65,1,1,2,4,1.3333333333333333,Lost Customers,0.8,0.8,0.6,75.0,High Risk
13847.0,720,1,310.72,1,1,2,4,1.3333333333333333,Lost Customers,0.8,0.8,0.6,75.0,High Risk
13861.0,429,2,273.26,1,2,1,4,1.3333333333333333,Lost Customers,0.8,0.6,0.8,75.0,High Risk
13879.0,646,1,395.5,1,1,2,4,1.3333333333333333,Lost Customers,0.8,0.8,0.6,75.0,High Risk
18012.0,723,1,115.3,1,2,1,4,1.3333333333333333,Lost Customers,0.8,0.6,0.8,75.0,High Risk
16741.0,625,1,173.06,1,2,1,4,1.3333333333333333,Lost Customers,0.8,0.6,0.8,75.0,High Risk
16760.0,430,1,228.0,1,2,1,4,1.3333333333333333,Lost Customers,0.8,0.6,0.8,75.0,High Risk
12859.0,459,1,575.1,1,1,2,4,1.3333333333333333,Lost Customers,0.8,0.8,0.6,75.0,High Risk
12869.0,682,1,337.66999999999996,1,1,2,4,1.3333333333333333,Lost Customers,0.8,0.8,0.6,75.0,High Risk
17273.0,424,1,141.12,1,2,1,4,1.3333333333333333,Lost Customers,0.8,0.6,0.8,75.0,High Risk
17280.0,438,1,118.85999999999999,1,2,1,4,1.3333333333333333,Lost Customers,0.8,0.6,0.8,75.0,High Risk
17177.0,505,1,119.5,1,2,1,4,1.3333333333333333,Lost Customers,0.8,0.6,0.8,75.0,High Risk
17192.0,536,1,75.28,1,2,1,4,1.3333333333333333,Lost Customers,0.8,0.6,0.8,75.0,High Risk
18000.0,564,1,124.25,1,2,1,4,1.3333333333333333,Lost Customers,0.8,0.6,0.8,75.0,High Risk
13896.0,626,1,388.55,1,1,2,4,1.3333333333333333,Lost Customers,0.8,0.8,0.6,75.0,High Risk
13905.0,733,1,312.65,1,1,2,4,1.3333333333333333,Lost Customers,0.8,0.8,0.6,75.0,High Risk
13909.0,423,2,282.85,1,2,1,4,1.3333333333333333,Lost Customers,0.8,0.6,0.8,75.0,High Risk
13942.0,535,1,320.0,1,1,2,4,1.3333333333333333,Lost Customers,0.8,0.8,0.6,75.0,High Risk
13825.0,622,2,255.59,1,2,1,4,1.3333333333333333,Lost Customers,0.8,0.6,0.8,75.0,High Risk
13383.0,544,1,305.28000000000003,1,1,2,4,1.3333333333333333,Lost Customers,0.8,0.8,0.6,75.0,High Risk
12443.0,732,1,485.31,1,1,2,4,1.3333333333333333,Lost Customers,0.8,0.8,0.6,75.0,High Risk
12459.0,605,1,454.36,1,1,2,4,1.3333333333333333,Lost Customers,0.8,0.8,0.6,75.0,High Risk
17199.0,582,1,135.04000000000002,1,2,1,4,1.3333333333333333,Lost Customers,0.8,0.6,0.8,75.0,High Risk
17202.0,421,1,160.65,1,2,1,4,1.3333333333333333,Lost Customers,0.8,0.6,0.8,75.0,High Risk
17316.0,420,1,124.45,1,2,1,4,1.3333333333333333,Lost Customers,0.8,0.6,0.8,75.0,High Risk
17318.0,725,1,157.32999999999998,1,2,1,4,1.3333333333333333,Lost Customers,0.8,0.6,0.8,75.0,High Risk
15378.0,463,2,246.5,1,2,1,4,1.3333333333333333,Lost Customers,0.8,0.6,0.8,75.0,High Risk
15387.0,492,1,468.65,1,1,2,4,1.3333333333333333,Lost Customers,0.8,0.8,0.6,75.0,High Risk
12760.0,456,1,347.8,1,1,2,4,1.3333333333333333,Lost Customers,0.8,0.8,0.6,75.0,High Risk
12946.0,437,1,324.45,1,1,2,4,1.3333333333333333,Lost Customers,0.8,0.8,0.6,75.0,High Risk
17971.0,548,1,161.94,1,2,1,4,1.3333333333333333,Lost Customers,0.8,0.6,0.8,75.0,High Risk
17981.0,411,1,239.12,1,2,1,4,1.3333333333333333,Lost Customers,0.8,0.6,0.8,75.0,High Risk
17982.0,681,1,138.18,1,2,1,4,1.3333333333333333,Lost Customers,0.8,0.6,0.8,75.0,High Risk
16541.0,735,1,424.03,1,1,2,4,1.3333333333333333,Lost Customers,0.8,0.8,0.6,75.0,High Risk
16543.0,592,1,292.21,1,1,2,4,1.3333333333333333,Lost Customers,0.8,0.8,0.6,75.0,High Risk
16577.0,667,1,380.0,1,1,2,4,1.3333333333333333,Lost Customers,0.8,0.8,0.6,75.0,High Risk
16579.0,426,1,295.05,1,1,2,4,1.3333333333333333,Lost Customers,0.8,0.8,0.6,75.0,High Risk
18020.0,544,1,190.48000000000002,1,2,1,4,1.3333333333333333,Lost Customers,0.8,0.6,0.8,75.0,High Risk
18028.0,583,1,192.05,1,2,1,4,1.3333333333333333,Lost Customers,0.8,0.6,0.8,75.0,High Risk
18038.0,556,1,141.48,1,2,1,4,1.3333333333333333,Lost Customers,0.8,0.6,0.8,75.0,High Risk
17993.0,617,1,225.99,1,2,1,4,1.3333333333333333,Lost Customers,0.8,0.6,0.8,75.0,High Risk
15337.0,411,1,373.02,1,1,2,4,1.3333333333333333,Lost Customers,0.8,0.8,0.6,75.0,High Risk
15282.0,570,1,348.59,1,1,2,4,1.3333333333333333,Lost Customers,0.8,0.8,0.6,75.0,High Risk
15302.0,730,1,308.0,1,1,2,4,1.3333333333333333,Lost Customers,0.8,0.8,0.6,75.0,High Risk
12777.0,458,1,519.45,1,1,2,4,1.3333333333333333,Lost Customers,0.8,0.8,0.6,75.0,High Risk
12780.0,599,1,337.4,1,1,2,4,1.3333333333333333,Lost Customers,0.8,0.8,0.6,75.0,High Risk
12941.0,724,1,377.49,1,1,2,4,1.3333333333333333,Lost Customers,0.8,0.8,0.6,75.0,High Risk
17319.0,669,1,29.1,1,2,1,4,1.3333333333333333,Lost Customers,0.8,0.6,0.8,75.0,High Risk
14008.0,432,1,509.04,1,1,2,4,1.3333333333333333,Lost Customers,0.8,0.8,0.6,75.0,High Risk
14018.0,645,1,367.15000000000003,1,1,2,4,1.3333333333333333,Lost Customers,0.8,0.8,0.6,75.0,High Risk
14042.0,725,1,431.98,1,1,2,4,1.3333333333333333,Lost Customers,0.8,0.8,0.6,75.0,High Risk
13966.0,435,1,384.26,1,1,2,4,1.3333333333333333,Lost Customers,0.8,0.8,0.6,75.0,High Risk
13400.0,583,1,310.83,1,1,2,4,1.3333333333333333,Lost Customers,0.8,0.8,0.6,75.0,High Risk
13412.0,620,1,487.34999999999997,1,1,2,4,1.3333333333333333,Lost Customers,0.8,0.8,0.6,75.0,High Risk
17959.0,592,1,140.75,1,2,1,4,1.3333333333333333,Lost Customers,0.8,0.6,0.8,75.0,High Risk
17328.0,673,1,104.7,1,2,1,4,1.3333333333333333,Lost Customers,0.8,0.6,0.8,75.0,High Risk
17336.0,472,1,81.12,1,2,1,4,1.3333333333333333,Lost Customers,0.8,0.6,0.8,75.0,High Risk
17352.0,696,1,36.25,1,2,1,4,1.3333333333333333,Lost Customers,0.8,0.6,0.8,75.0,High Risk
17390.0,421,1,149.3,1,2,1,4,1.3333333333333333,Lost Customers,0.8,0.6,0.8,75.0,High Risk
15884.0,432,2,244.60000000000002,1,2,1,4,1.3333333333333333,Lost Customers,0.8,0.6,0.8,75.0,High Risk
15893.0,482,1,305.28000000000003,1,1,2,4,1.3333333333333333,Lost Customers,0.8,0.8,0.6,75.0,High Risk
15941.0,637,1,405.0,1,1,2,4,1.3333333333333333,Lost Customers,0.8,0.8,0.6,75.0,High Risk
15943.0,650,2,271.28999999999996,1,2,1,4,1.3333333333333333,Lost Customers,0.8,0.6,0.8,75.0,High Risk
12796.0,628,1,381.0,1,1,2,4,1.3333333333333333,Lost Customers,0.8,0.8,0.6,75.0,High Risk
15859.0,432,1,438.46,1,1,2,4,1.3333333333333333,Lost Customers,0.8,0.8,0.6,75.0,High Risk
17395.0,508,1,97.5,1,2,1,4,1.3333333333333333,Lost Customers,0.8,0.6,0.8,75.0,High Risk
14069.0,515,2,225.81,1,2,1,4,1.3333333333333333,Lost Customers,0.8,0.6,0.8,75.0,High Risk
14070.0,685,1,321.6,1,1,2,4,1.3333333333333333,Lost Customers,0.8,0.8,0.6,75.0,High Risk
14072.0,667,1,390.85,1,1,2,4,1.3333333333333333,Lost Customers,0.8,0.8,0.6,75.0,High Risk
14094.0,440,1,311.77,1,1,2,4,1.3333333333333333,Lost Customers,0.8,0.8,0.6,75.0,High Risk
13981.0,416,1,331.14,1,1,2,4,1.3333333333333333,Lost Customers,0.8,0.8,0.6,75.0,High Risk
16886.0,456,1,134.0,1,2,1,4,1.3333333333333333,Lost Customers,0.8,0.6,0.8,75.0,High Risk
16845.0,618,1,253.88,1,2,1,4,1.3333333333333333,Lost Customers,0.8,0.6,0.8,75.0,High Risk
16867.0,690,1,76.74000000000001,1,2,1,4,1.3333333333333333,Lost Customers,0.8,0.6,0.8,75.0,High Risk
17401.0,541,1,114.85,1,2,1,4,1.3333333333333333,Lost Customers,0.8,0.6,0.8,75.0,High Risk
15217.0,563,1,426.24,1,1,2,4,1.3333333333333333,Lost Customers,0.8,0.8,0.6,75.0,High Risk
15242.0,422,1,302.04,1,1,2,4,1.3333333333333333,Lost Customers,0.8,0.8,0.6,75.0,High Risk
15188.0,725,1,310.43,1,1,2,4,1.3333333333333333,Lost Customers,0.8,0.8,0.6,75.0,High Risk
15200.0,495,1,549.05,1,1,2,4,1.3333333333333333,Lost Customers,0.8,0.8,0.6,75.0,High Risk
12973.0,414,1,385.55,1,1,2,4,1.3333333333333333,Lost Customers,0.8,0.8,0.6,75.0,High Risk
12979.0,729,1,517.7,1,1,2,4,1.3333333333333333,Lost Customers,0.8,0.8,0.6,75.0,High Risk
12983.0,598,1,490.08000000000004,1,1,2,4,1.3333333333333333,Lost Customers,0.8,0.8,0.6,75.0,High Risk
16492.0,541,1,385.56,1,1,2,4,1.3333333333333333,Lost Customers,0.8,0.8,0.6,75.0,High Risk
16502.0,620,2,258.55,1,2,1,4,1.3333333333333333,Lost Customers,0.8,0.6,0.8,75.0,High Risk
14166.0,505,2,251.15,1,2,1,4,1.3333333333333333,Lost Customers,0.8,0.6,0.8,75.0,High Risk
17909.0,737,1,110.05,1,2,1,4,1.3333333333333333,Lost Customers,0.8,0.6,0.8,75.0,High Risk
13977.0,411,1,519.8100000000001,1,1,2,4,1.3333333333333333,Lost Customers,0.8,0.8,0.6,75.0,High Risk
17944.0,423,1,74.99,1,2,1,4,1.3333333333333333,Lost Customers,0.8,0.6,0.8,75.0,High Risk
17953.0,540,1,159.17000000000002,1,2,1,4,1.3333333333333333,Lost Customers,0.8,0.6,0.8,75.0,High Risk
17417.0,549,1,164.18,1,2,1,4,1.3333333333333333,Lost Customers,0.8,0.6,0.8,75.0,High Risk
15928.0,656,1,293.53,1,1,2,4,1.3333333333333333,Lost Customers,0.8,0.8,0.6,75.0,High Risk
15929.0,644,1,594.0,1,1,2,4,1.3333333333333333,Lost Customers,0.8,0.8,0.6,75.0,High Risk
15029.0,620,1,365.1,1,1,2,4,1.3333333333333333,Lost Customers,0.8,0.8,0.6,75.0,High Risk
17938.0,420,1,144.29,1,2,1,4,1.3333333333333333,Lost Customers,0.8,0.6,0.8,75.0,High Risk
14197.0,411,1,390.05,1,1,2,4,1.3333333333333333,Lost Customers,0.8,0.8,0.6,75.0,High Risk
14200.0,617,1,379.2,1,1,2,4,1.3333333333333333,Lost Customers,0.8,0.8,0.6,75.0,High Risk
14244.0,661,1,366.41999999999996,1,1,2,4,1.3333333333333333,Lost Customers,0.8,0.8,0.6,75.0,High Risk
14254.0,433,1,601.03,1,1,2,4,1.3333333333333333,Lost Customers,0.8,0.8,0.6,75.0,High Risk
14118.0,429,1,458.45,1,1,2,4,1.3333333333333333,Lost Customers,0.8,0.8,0.6,75.0,High Risk
14123.0,733,1,436.18,1,1,2,4,1.3333333333333333,Lost Customers,0.8,0.8,0.6,75.0,High Risk
14137.0,696,1,332.7,1,1,2,4,1.3333333333333333,Lost Customers,0.8,0.8,0.6,75.0,High Risk
16896.0,555,1,103.95,1,2,1,4,1.3333333333333333,Lost Customers,0.8,0.6,0.8,75.0,High Risk
16901.0,729,1,204.26,1,2,1,4,1.3333333333333333,Lost Customers,0.8,0.6,0.8,75.0,High Risk
16487.0,577,2,209.4,1,2,1,4,1.3333333333333333,Lost Customers,0.8,0.6,0.8,75.0,High Risk
15162.0,731,1,312.9,1,1,2,4,1.3333333333333333,Lost Customers,0.8,0.8,0.6,75.0,High Risk
15085.0,730,1,347.54,1,1,2,4,1.3333333333333333,Lost Customers,0.8,0.8,0.6,75.0,High Risk
15962.0,449,1,289.48,1,1,2,4,1.3333333333333333,Lost Customers,0.8,0.8,0.6,75.0,High Risk
15966.0,451,1,426.53000000000003,1,1,2,4,1.3333333333333333,Lost Customers,0.8,0.8,0.6,75.0,High Risk
12698.0,590,1,339.75,1,1,2,4,1.3333333333333333,Lost Customers,0.8,0.8,0.6,75.0,High Risk
14183.0,411,2,278.34000000000003,1,2,1,4,1.3333333333333333,Lost Customers,0.8,0.6,0.8,75.0,High Risk
16476.0,432,1,350.35,1,1,2,4,1.3333333333333333,Lost Customers,0.8,0.8,0.6,75.0,High Risk
16481.0,682,1,453.38,1,1,2,4,1.3333333333333333,Lost Customers,0.8,0.8,0.6,75.0,High Risk
12496.0,620,2,45.34,1,2,1,4,1.3333333333333333,Lost Customers,0.8,0.6,0.8,75.0,High Risk
12499.0,560,1,393.72,1,1,2,4,1.3333333333333333,Lost Customers,0.8,0.8,0.6,75.0,High Risk
17910.0,726,1,261.7,1,2,1,4,1.3333333333333333,Lost Customers,0.8,0.6,0.8,75.0,High Risk
17915.0,551,1,225.78,1,2,1,4,1.3333333333333333,Lost Customers,0.8,0.6,0.8,75.0,High Risk
17922.0,543,1,170.4,1,2,1,4,1.3333333333333333,Lost Customers,0.8,0.6,0.8,75.0,High Risk
17933.0,632,1,114.69,1,2,1,4,1.3333333333333333,Lost Customers,0.8,0.6,0.8,75.0,High Risk
15086.0,565,2,218.53,1,2,1,4,1.3333333333333333,Lost Customers,0.8,0.6,0.8,75.0,High Risk
15094.0,463,2,83.0,1,2,1,4,1.3333333333333333,Lost Customers,0.8,0.6,0.8,75.0,High Risk
17112.0,503,1,197.57,1,2,1,4,1.3333333333333333,Lost Customers,0.8,0.6,0.8,75.0,High Risk
17129.0,520,1,31.85,1,2,1,4,1.3333333333333333,Lost Customers,0.8,0.6,0.8,75.0,High Risk
17136.0,662,1,231.68,1,2,1,4,1.3333333333333333,Lost Customers,0.8,0.6,0.8,75.0,High Risk
17149.0,451,1,143.10000000000002,1,2,1,4,1.3333333333333333,Lost Customers,0.8,0.6,0.8,75.0,High Risk
17840.0,444,1,175.9,1,2,1,4,1.3333333333333333,Lost Customers,0.8,0.6,0.8,75.0,High Risk
16439.0,722,1,310.70000000000005,1,1,2,4,1.3333333333333333,Lost Customers,0.8,0.8,0.6,75.0,High Risk
16453.0,531,2,251.71,1,2,1,4,1.3333333333333333,Lost Customers,0.8,0.6,0.8,75.0,High Risk
17875.0,688,1,167.1,1,2,1,4,1.3333333333333333,Lost Customers,0.8,0.6,0.8,75.0,High Risk
17902.0,547,1,216.39999999999998,1,2,1,4,1.3333333333333333,Lost Customers,0.8,0.6,0.8,75.0,High Risk
13367.0,432,1,510.20000000000005,1,1,2,4,1.3333333333333333,Lost Customers,0.8,0.8,0.6,75.0,High Risk
17487.0,728,1,160.55,1,2,1,4,1.3333333333333333,Lost Customers,0.8,0.6,0.8,75.0,High Risk
17494.0,502,1,54.699999999999996,1,2,1,4,1.3333333333333333,Lost Customers,0.8,0.6,0.8,75.0,High Risk
17533.0,435,1,34.8,1,2,1,4,1.3333333333333333,Lost Customers,0.8,0.6,0.8,75.0,High Risk
17541.0,510,1,119.86,1,2,1,4,1.3333333333333333,Lost Customers,0.8,0.6,0.8,75.0,High Risk
17543.0,550,1,120.05,1,2,1,4,1.3333333333333333,Lost Customers,0.8,0.6,0.8,75.0,High Risk
17151.0,735,1,231.90000000000003,1,2,1,4,1.3333333333333333,Lost Customers,0.8,0.6,0.8,75.0,High Risk
16100.0,463,1,582.64,1,1,2,4,1.3333333333333333,Lost Customers,0.8,0.8,0.6,75.0,High Risk
16111.0,428,1,549.33,1,1,2,4,1.3333333333333333,Lost Customers,0.8,0.8,0.6,75.0,High Risk
15979.0,603,1,329.22,1,1,2,4,1.3333333333333333,Lost Customers,0.8,0.8,0.6,75.0,High Risk
15982.0,605,1,324.51,1,1,2,4,1.3333333333333333,Lost Customers,0.8,0.8,0.6,75.0,High Risk
17559.0,513,1,167.62,1,2,1,4,1.3333333333333333,Lost Customers,0.8,0.6,0.8,75.0,High Risk
16944.0,610,1,101.36,1,2,1,4,1.3333333333333333,Lost Customers,0.8,0.6,0.8,75.0,High Risk
14310.0,433,1,492.1,1,1,2,4,1.3333333333333333,Lost Customers,0.8,0.8,0.6,75.0,High Risk
14319.0,424,1,494.85,1,1,2,4,1.3333333333333333,Lost Customers,0.8,0.8,0.6,75.0,High Risk
14328.0,438,1,445.05,1,1,2,4,1.3333333333333333,Lost Customers,0.8,0.8,0.6,75.0,High Risk
14263.0,423,1,322.93,1,1,2,4,1.3333333333333333,Lost Customers,0.8,0.8,0.6,75.0,High Risk
12529.0,528,1,316.48,1,1,2,4,1.3333333333333333,Lost Customers,0.8,0.8,0.6,75.0,High Risk
14269.0,439,1,295.73,1,1,2,4,1.3333333333333333,Lost Customers,0.8,0.8,0.6,75.0,High Risk
14279.0,521,2,191.86,1,2,1,4,1.3333333333333333,Lost Customers,0.8,0.6,0.8,75.0,High Risk
14979.0,735,1,429.66,1,1,2,4,1.3333333333333333,Lost Customers,0.8,0.8,0.6,75.0,High Risk
14989.0,662,1,342.4,1,1,2,4,1.3333333333333333,Lost Customers,0.8,0.8,0.6,75.0,High Risk
14991.0,430,1,314.67,1,1,2,4,1.3333333333333333,Lost Customers,0.8,0.8,0.6,75.0,High Risk
16044.0,435,1,340.84000000000003,1,1,2,4,1.3333333333333333,Lost Customers,0.8,0.8,0.6,75.0,High Risk
13025.0,732,1,323.39,1,1,2,4,1.3333333333333333,Lost Customers,0.8,0.8,0.6,75.0,High Risk
13036.0,685,1,307.1,1,1,2,4,1.3333333333333333,Lost Customers,0.8,0.8,0.6,75.0,High Risk
13051.0,579,2,155.8,1,2,1,4,1.3333333333333333,Lost Customers,0.8,0.6,0.8,75.0,High Risk
13111.0,719,1,321.88000000000005,1,1,2,4,1.3333333333333333,Lost Customers,0.8,0.8,0.6,75.0,High Risk
17784.0,550,1,112.86,1,2,1,4,1.3333333333333333,Lost Customers,0.8,0.6,0.8,75.0,High Risk
17798.0,582,1,178.07,1,2,1,4,1.3333333333333333,Lost Customers,0.8,0.6,0.8,75.0,High Risk
17818.0,738,1,124.78,1,2,1,4,1.3333333333333333,Lost Customers,0.8,0.6,0.8,75.0,High Risk
16970.0,626,1,71.4,1,2,1,4,1.3333333333333333,Lost Customers,0.8,0.6,0.8,75.0,High Risk
16328.0,563,1,310.83,1,1,2,4,1.3333333333333333,Lost Customers,0.8,0.8,0.6,75.0,High Risk
16908.0,722,1,252.59,1,2,1,4,1.3333333333333333,Lost Customers,0.8,0.6,0.8,75.0,High Risk
16925.0,540,1,125.65,1,2,1,4,1.3333333333333333,Lost Customers,0.8,0.6,0.8,75.0,High Risk
16937.0,499,1,196.25,1,2,1,4,1.3333333333333333,Lost Customers,0.8,0.6,0.8,75.0,High Risk
16941.0,612,1,33.0,1,2,1,4,1.3333333333333333,Lost Customers,0.8,0.6,0.8,75.0,High Risk
14832.0,630,1,322.69,1,1,2,4,1.3333333333333333,Lost Customers,0.8,0.8,0.6,75.0,High Risk
14846.0,427,1,437.4,1,1,2,4,1.3333333333333333,Lost Customers,0.8,0.8,0.6,75.0,High Risk
17108.0,664,1,174.95,1,2,1,4,1.3333333333333333,Lost Customers,0.8,0.6,0.8,75.0,High Risk
16069.0,418,1,457.7,1,1,2,4,1.3333333333333333,Lost Customers,0.8,0.8,0.6,75.0,High Risk
16095.0,456,1,447.05,1,1,2,4,1.3333333333333333,Lost Customers,0.8,0.8,0.6,75.0,High Risk
13087.0,726,1,313.64,1,1,2,4,1.3333333333333333,Lost Customers,0.8,0.8,0.6,75.0,High Risk
14783.0,659,1,307.3,1,1,2,4,1.3333333333333333,Lost Customers,0.8,0.8,0.6,75.0,High Risk
14876.0,521,2,256.7,1,2,1,4,1.3333333333333333,Lost Customers,0.8,0.6,0.8,75.0,High Risk
14464.0,568,2,111.0,1,2,1,4,1.3333333333333333,Lost Customers,0.8,0.6,0.8,75.0,High Risk
13281.0,439,1,350.85,1,1,2,4,1.3333333333333333,Lost Customers,0.8,0.8,0.6,75.0,High Risk
12595.0,505,1,299.02,1,1,2,4,1.3333333333333333,Lost Customers,0.8,0.8,0.6,75.0,High Risk
14268.0,471,1,354.85,1,1,2,4,1.3333333333333333,Lost Customers,0.8,0.8,0.6,75.0,High Risk
13289.0,724,1,307.95,1,1,2,4,1.3333333333333333,Lost Customers,0.8,0.8,0.6,75.0,High Risk
13315.0,689,1,310.26,1,1,2,4,1.3333333333333333,Lost Customers,0.8,0.8,0.6,75.0,High Risk
17565.0,587,1,131.83,1,2,1,4,1.3333333333333333,Lost Customers,0.8,0.6,0.8,75.0,High Risk
17575.0,667,1,171.7,1,2,1,4,1.3333333333333333,Lost Customers,0.8,0.6,0.8,75.0,High Risk
17583.0,560,1,135.95,1,2,1,4,1.3333333333333333,Lost Customers,0.8,0.6,0.8,75.0,High Risk
17586.0,619,1,167.4,1,2,1,4,1.3333333333333333,Lost Customers,0.8,0.6,0.8,75.0,High Risk
17587.0,628,1,176.71,1,2,1,4,1.3333333333333333,Lost Customers,0.8,0.6,0.8,75.0,High Risk
17592.0,739,1,148.3,1,2,1,4,1.3333333333333333,Lost Customers,0.8,0.6,0.8,75.0,High Risk
17599.0,478,1,52.05,1,2,1,4,1.3333333333333333,Lost Customers,0.8,0.6,0.8,75.0,High Risk
14919.0,539,1,359.35,1,1,2,4,1.3333333333333333,Lost Customers,0.8,0.8,0.6,75.0,High Risk
17066.0,726,1,228.34,1,2,1,4,1.3333333333333333,Lost Customers,0.8,0.6,0.8,75.0,High Risk
17072.0,625,1,273.35,1,2,1,4,1.3333333333333333,Lost Customers,0.8,0.6,0.8,75.0,High Risk
17074.0,563,1,203.05,1,2,1,4,1.3333333333333333,Lost Customers,0.8,0.6,0.8,75.0,High Risk
17087.0,738,1,221.53,1,2,1,4,1.3333333333333333,Lost Customers,0.8,0.6,0.8,75.0,High Risk
17093.0,593,1,235.88,1,2,1,4,1.3333333333333333,Lost Customers,0.8,0.6,0.8,75.0,High Risk
17778.0,662,1,197.70000000000002,1,2,1,4,1.3333333333333333,Lost Customers,0.8,0.6,0.8,75.0,High Risk
14486.0,512,2,175.5,1,2,1,4,1.3333333333333333,Lost Customers,0.8,0.6,0.8,75.0,High Risk
14519.0,684,2,203.14,1,2,1,4,1.3333333333333333,Lost Customers,0.8,0.6,0.8,75.0,High Risk
13250.0,461,2,253.09,1,2,1,4,1.3333333333333333,Lost Customers,0.8,0.6,0.8,75.0,High Risk
16375.0,470,2,104.0,1,2,1,4,1.3333333333333333,Lost Customers,0.8,0.6,0.8,75.0,High Risk
17605.0,590,1,160.75,1,2,1,4,1.3333333333333333,Lost Customers,0.8,0.6,0.8,75.0,High Risk
17606.0,737,1,87.30000000000001,1,2,1,4,1.3333333333333333,Lost Customers,0.8,0.6,0.8,75.0,High Risk
14791.0,607,1,303.63,1,1,2,4,1.3333333333333333,Lost Customers,0.8,0.8,0.6,75.0,High Risk
14797.0,507,1,300.31,1,1,2,4,1.3333333333333333,Lost Customers,0.8,0.8,0.6,75.0,High Risk
13129.0,452,2,233.25,1,2,1,4,1.3333333333333333,Lost Customers,0.8,0.6,0.8,75.0,High Risk
13143.0,585,1,405.1,1,1,2,4,1.3333333333333333,Lost Customers,0.8,0.8,0.6,75.0,High Risk
17743.0,448,1,229.2,1,2,1,4,1.3333333333333333,Lost Customers,0.8,0.6,0.8,75.0,High Risk
17751.0,421,1,157.85999999999999,1,2,1,4,1.3333333333333333,Lost Customers,0.8,0.6,0.8,75.0,High Risk
16304.0,695,1,381.66,1,1,2,4,1.3333333333333333,Lost Customers,0.8,0.8,0.6,75.0,High Risk
17008.0,429,1,81.36,1,2,1,4,1.3333333333333333,Lost Customers,0.8,0.6,0.8,75.0,High Risk
17762.0,456,1,129.75,1,2,1,4,1.3333333333333333,Lost Customers,0.8,0.6,0.8,75.0,High Risk
14706.0,619,1,367.54,1,1,2,4,1.3333333333333333,Lost Customers,0.8,0.8,0.6,75.0,High Risk
14707.0,436,2,139.2,1,2,1,4,1.3333333333333333,Lost Customers,0.8,0.6,0.8,75.0,High Risk
14724.0,590,1,341.9,1,1,2,4,1.3333333333333333,Lost Customers,0.8,0.8,0.6,75.0,High Risk
16192.0,736,1,351.3,1,1,2,4,1.3333333333333333,Lost Customers,0.8,0.8,0.6,75.0,High Risk
16195.0,723,1,323.25,1,1,2,4,1.3333333333333333,Lost Customers,0.8,0.8,0.6,75.0,High Risk
16137.0,680,1,422.7,1,1,2,4,1.3333333333333333,Lost Customers,0.8,0.8,0.6,75.0,High Risk
14742.0,435,1,579.85,1,1,2,4,1.3333333333333333,Lost Customers,0.8,0.8,0.6,75.0,High Risk
14749.0,480,1,310.15,1,1,2,4,1.3333333333333333,Lost Customers,0.8,0.8,0.6,75.0,High Risk
14751.0,684,2,126.45,1,2,1,4,1.3333333333333333,Lost Customers,0.8,0.6,0.8,75.0,High Risk
14767.0,474,1,382.81,1,1,2,4,1.3333333333333333,Lost Customers,0.8,0.8,0.6,75.0,High Risk
17626.0,603,1,254.0,1,2,1,4,1.3333333333333333,Lost Customers,0.8,0.6,0.8,75.0,High Risk
17657.0,430,1,126.0,1,2,1,4,1.3333333333333333,Lost Customers,0.8,0.6,0.8,75.0,High Risk
12554.0,449,1,468.5,1,1,2,4,1.3333333333333333,Lost Customers,0.8,0.8,0.6,75.0,High Risk
13197.0,610,1,373.01000000000005,1,1,2,4,1.3333333333333333,Lost Customers,0.8,0.8,0.6,75.0,High Risk
14531.0,480,1,376.34,1,1,2,4,1.3333333333333333,Lost Customers,0.8,0.8,0.6,75.0,High Risk
17009.0,551,1,242.06,1,2,1,4,1.3333333333333333,Lost Customers,0.8,0.6,0.8,75.0,High Risk
17055.0,446,1,232.85,1,2,1,4,1.3333333333333333,Lost Customers,0.8,0.6,0.8,75.0,High Risk
17056.0,738,1,128.60000000000002,1,2,1,4,1.3333333333333333,Lost Customers,0.8,0.6,0.8,75.0,High Risk
16263.0,423,1,348.16,1,1,2,4,1.3333333333333333,Lost Customers,0.8,0.8,0.6,75.0,High Risk
14402.0,652,1,285.6,1,1,2,4,1.3333333333333333,Lost Customers,0.8,0.8,0.6,75.0,High Risk
14545.0,674,1,349.25,1,1,2,4,1.3333333333333333,Lost Customers,0.8,0.8,0.6,75.0,High Risk
14575.0,488,1,420.22,1,1,2,4,1.3333333333333333,Lost Customers,0.8,0.8,0.6,75.0,High Risk
14630.0,484,1,338.65,1,1,2,4,1.3333333333333333,Lost Customers,0.8,0.8,0.6,75.0,High Risk
14678.0,579,1,403.39,1,1,2,4,1.3333333333333333,Lost Customers,0.8,0.8,0.6,75.0,High Risk
12663.0,625,2,239.4,1,2,1,4,1.3333333333333333,Lost Customers,0.8,0.6,0.8,75.0,High Risk
13179.0,619,1,572.3100000000001,1,1,2,4,1.3333333333333333,Lost Customers,0.8,0.8,0.6,75.0,High Risk
18131.0,632,1,222.95999999999998,1,2,1,4,1.3333333333333333,Lost Customers,0.8,0.6,0.8,75.0,High Risk
18132.0,504,1,220.13,1,2,1,4,1.3333333333333333,Lost Customers,0.8,0.6,0.8,75.0,High Risk
18148.0,647,1,112.85000000000001,1,2,1,4,1.3333333333333333,Lost Customers,0.8,0.6,0.8,75.0,High Risk
18153.0,659,1,246.22,1,2,1,4,1.3333333333333333,Lost Customers,0.8,0.6,0.8,75.0,High Risk
18157.0,571,1,213.9,1,2,1,4,1.3333333333333333,Lost Customers,0.8,0.6,0.8,75.0,High Risk
17216.0,554,1,63.6,1,2,1,4,1.3333333333333333,Lost Customers,0.8,0.6,0.8,75.0,High Risk
17224.0,501,1,100.86,1,2,1,4,1.3333333333333333,Lost Customers,0.8,0.6,0.8,75.0,High Risk
17225.0,582,1,131.15,1,2,1,4,1.3333333333333333,Lost Customers,0.8,0.6,0.8,75.0,High Risk
17240.0,596,1,130.6,1,2,1,4,1.3333333333333333,Lost Customers,0.8,0.6,0.8,75.0,High Risk
17249.0,429,1,68.03,1,2,1,4,1.3333333333333333,Lost Customers,0.8,0.6,0.8,75.0,High Risk
16691.0,418,2,178.83,1,2,1,4,1.3333333333333333,Lost Customers,0.8,0.6,0.8,75.0,High Risk
16694.0,723,1,98.30000000000001,1,2,1,4,1.3333333333333333,Lost Customers,0.8,0.6,0.8,75.0,High Risk
16695.0,562,2,191.9,1,2,1,4,1.3333333333333333,Lost Customers,0.8,0.6,0.8,75.0,High Risk
13616.0,568,2,283.85,1,2,1,4,1.3333333333333333,Lost Customers,0.8,0.6,0.8,75.0,High Risk
13619.0,545,2,224.94,1,2,1,4,1.3333333333333333,Lost Customers,0.8,0.6,0.8,75.0,High Risk
18266.0,434,1,251.1,1,2,1,4,1.3333333333333333,Lost Customers,0.8,0.6,0.8,75.0,High Risk
12366.0,634,1,500.24,1,1,2,4,1.3333333333333333,Lost Customers,0.8,0.8,0.6,75.0,High Risk
18186.0,723,1,329.58,1,2,2,5,1.6666666666666667,Lost Customers,0.8,0.6,0.6,70.0,High Risk
18162.0,732,1,371.51,1,2,2,5,1.6666666666666667,Lost Customers,0.8,0.6,0.6,70.0,High Risk
18285.0,661,1,427.0,1,2,2,5,1.6666666666666667,Lost Customers,0.8,0.6,0.6,70.0,High Risk
12368.0,628,1,917.6999999999999,1,1,3,5,1.6666666666666667,Lost Customers,0.8,0.8,0.4,70.0,High Risk
13547.0,408,1,167.08,2,1,1,4,1.3333333333333333,Lost Customers,0.6,0.8,0.8,70.0,High Risk
13580.0,406,1,107.75,2,1,1,4,1.3333333333333333,Lost Customers,0.6,0.8,0.8,70.0,High Risk
16610.0,219,1,75.66,2,1,1,4,1.3333333333333333,Lost Customers,0.6,0.8,0.8,70.0,High Risk
18201.0,723,1,447.53000000000003,1,2,2,5,1.6666666666666667,Lost Customers,0.8,0.6,0.6,70.0,High Risk
18208.0,566,1,360.08,1,2,2,5,1.6666666666666667,Lost Customers,0.8,0.6,0.6,70.0,High Risk
16675.0,442,2,608.86,1,2,2,5,1.6666666666666667,Lost Customers,0.8,0.6,0.6,70.0,High Risk
16683.0,534,1,320.25,1,2,2,5,1.6666666666666667,Lost Customers,0.8,0.6,0.6,70.0,High Risk
15668.0,218,1,76.32000000000001,2,1,1,4,1.3333333333333333,Lost Customers,0.6,0.8,0.8,70.0,High Risk
15682.0,599,2,318.24,1,2,2,5,1.6666666666666667,Lost Customers,0.8,0.6,0.6,70.0,High Risk
15684.0,547,3,173.95,1,3,1,5,1.6666666666666667,At Risk,0.8,0.4,0.8,70.0,High Risk
12801.0,501,1,1071.82,1,1,3,5,1.6666666666666667,Lost Customers,0.8,0.8,0.4,70.0,High Risk
12804.0,466,2,325.37,1,2,2,5,1.6666666666666667,Lost Customers,0.8,0.6,0.6,70.0,High Risk
12810.0,535,2,534.99,1,2,2,5,1.6666666666666667,Lost Customers,0.8,0.6,0.6,70.0,High Risk
15583.0,376,1,95.96,2,1,1,4,1.3333333333333333,Lost Customers,0.6,0.8,0.8,70.0,High Risk
13679.0,494,3,281.26,1,3,1,5,1.6666666666666667,At Risk,0.8,0.4,0.8,70.0,High Risk
13691.0,396,1,212.78,2,1,1,4,1.3333333333333333,Lost Customers,0.6,0.8,0.8,70.0,High Risk
13204.0,731,1,966.6600000000001,1,1,3,5,1.6666666666666667,Lost Customers,0.8,0.8,0.4,70.0,High Risk
14526.0,389,1,258.65,2,1,1,4,1.3333333333333333,Lost Customers,0.6,0.8,0.8,70.0,High Risk
14536.0,260,1,170.95,2,1,1,4,1.3333333333333333,Lost Customers,0.6,0.8,0.8,70.0,High Risk
17012.0,725,1,360.61,1,2,2,5,1.6666666666666667,Lost Customers,0.8,0.6,0.6,70.0,High Risk
17016.0,577,1,552.4,1,2,2,5,1.6666666666666667,Lost Customers,0.8,0.6,0.6,70.0,High Risk
17057.0,596,1,294.74,1,2,2,5,1.6666666666666667,Lost Customers,0.8,0.6,0.6,70.0,High Risk
14405.0,387,1,195.0,2,1,1,4,1.3333333333333333,Lost Customers,0.6,0.8,0.8,70.0,High Risk
14559.0,390,1,75.6,2,1,1,4,1.3333333333333333,Lost Customers,0.6,0.8,0.8,70.0,High Risk
14568.0,435,1,919.7,1,1,3,5,1.6666666666666667,Lost Customers,0.8,0.8,0.4,70.0,High Risk
13215.0,402,1,81.6,2,1,1,4,1.3333333333333333,Lost Customers,0.6,0.8,0.8,70.0,High Risk
14632.0,263,1,114.56,2,1,1,4,1.3333333333333333,Lost Customers,0.6,0.8,0.8,70.0,High Risk
14663.0,430,2,490.6,1,2,2,5,1.6666666666666667,Lost Customers,0.8,0.6,0.6,70.0,High Risk
14689.0,209,1,112.8,2,1,1,4,1.3333333333333333,Lost Customers,0.6,0.8,0.8,70.0,High Risk
14589.0,372,1,39.75,2,1,1,4,1.3333333333333333,Lost Customers,0.6,0.8,0.8,70.0,High Risk
12634.0,536,2,490.0,1,2,2,5,1.6666666666666667,Lost Customers,0.8,0.6,0.6,70.0,High Risk
12677.0,555,2,395.1,1,2,2,5,1.6666666666666667,Lost Customers,0.8,0.6,0.6,70.0,High Risk
14718.0,410,1,226.42,2,1,1,4,1.3333333333333333,Lost Customers,0.6,0.8,0.8,70.0,High Risk
14721.0,379,1,109.07,2,1,1,4,1.3333333333333333,Lost Customers,0.6,0.8,0.8,70.0,High Risk
14736.0,485,2,374.05,1,2,2,5,1.6666666666666667,Lost Customers,0.8,0.6,0.6,70.0,High Risk
17065.0,638,2,194.7,1,3,1,5,1.6666666666666667,At Risk,0.8,0.4,0.8,70.0,High Risk
12686.0,372,1,89.14,2,1,1,4,1.3333333333333333,Lost Customers,0.6,0.8,0.8,70.0,High Risk
16144.0,247,1,175.2,2,1,1,4,1.3333333333333333,Lost Customers,0.6,0.8,0.8,70.0,High Risk
16162.0,252,1,37.4,2,1,1,4,1.3333333333333333,Lost Customers,0.6,0.8,0.8,70.0,High Risk
16166.0,428,2,435.83,1,2,2,5,1.6666666666666667,Lost Customers,0.8,0.6,0.6,70.0,High Risk
14760.0,297,1,89.2,2,1,1,4,1.3333333333333333,Lost Customers,0.6,0.8,0.8,70.0,High Risk
17617.0,559,1,385.19,1,2,2,5,1.6666666666666667,Lost Customers,0.8,0.6,0.6,70.0,High Risk
17627.0,479,1,296.36,1,2,2,5,1.6666666666666667,Lost Customers,0.8,0.6,0.6,70.0,High Risk
17665.0,493,1,563.1,1,2,2,5,1.6666666666666667,Lost Customers,0.8,0.6,0.6,70.0,High Risk
17687.0,421,1,432.68,1,2,2,5,1.6666666666666667,Lost Customers,0.8,0.6,0.6,70.0,High Risk
16269.0,438,1,717.57,1,1,3,5,1.6666666666666667,Lost Customers,0.8,0.8,0.4,70.0,High Risk
12561.0,303,1,238.85,2,1,1,4,1.3333333333333333,Lost Customers,0.6,0.8,0.8,70.0,High Risk
12563.0,409,1,249.24,2,1,1,4,1.3333333333333333,Lost Customers,0.6,0.8,0.8,70.0,High Risk
13120.0,239,1,30.599999999999998,2,1,1,4,1.3333333333333333,Lost Customers,0.6,0.8,0.8,70.0,High Risk
13121.0,269,1,283.73,2,1,1,4,1.3333333333333333,Lost Customers,0.6,0.8,0.8,70.0,High Risk
13123.0,473,2,506.75,1,2,2,5,1.6666666666666667,Lost Customers,0.8,0.6,0.6,70.0,High Risk
13132.0,262,1,77.3,2,1,1,4,1.3333333333333333,Lost Customers,0.6,0.8,0.8,70.0,High Risk
14576.0,372,1,35.400000000000006,2,1,1,4,1.3333333333333333,Lost Customers,0.6,0.8,0.8,70.0,High Risk
14586.0,277,1,237.36,2,1,1,4,1.3333333333333333,Lost Customers,0.6,0.8,0.8,70.0,High Risk
17710.0,424,1,293.5,1,2,2,5,1.6666666666666667,Lost Customers,0.8,0.6,0.6,70.0,High Risk
17717.0,421,1,376.92,1,2,2,5,1.6666666666666667,Lost Customers,0.8,0.6,0.6,70.0,High Risk
17721.0,659,1,307.21000000000004,1,2,2,5,1.6666666666666667,Lost Customers,0.8,0.6,0.6,70.0,High Risk
17729.0,596,1,438.65000000000003,1,2,2,5,1.6666666666666667,Lost Customers,0.8,0.6,0.6,70.0,High Risk
17748.0,527,1,358.15,1,2,2,5,1.6666666666666667,Lost Customers,0.8,0.6,0.6,70.0,High Risk
14611.0,444,2,604.3299999999999,1,2,2,5,1.6666666666666667,Lost Customers,0.8,0.6,0.6,70.0,High Risk
16273.0,648,2,318.34000000000003,1,2,2,5,1.6666666666666667,Lost Customers,0.8,0.6,0.6,70.0,High Risk
16286.0,477,2,328.95,1,2,2,5,1.6666666666666667,Lost Customers,0.8,0.6,0.6,70.0,High Risk
16310.0,414,2,460.08,1,2,2,5,1.6666666666666667,Lost Customers,0.8,0.6,0.6,70.0,High Risk
14705.0,199,1,179.0,2,1,1,4,1.3333333333333333,Lost Customers,0.6,0.8,0.8,70.0,High Risk
13227.0,202,1,257.7,2,1,1,4,1.3333333333333333,Lost Customers,0.6,0.8,0.8,70.0,High Risk
13229.0,226,1,160.95,2,1,1,4,1.3333333333333333,Lost Customers,0.6,0.8,0.8,70.0,High Risk
13234.0,673,2,346.5,1,2,2,5,1.6666666666666667,Lost Customers,0.8,0.6,0.6,70.0,High Risk
13251.0,402,1,252.68,2,1,1,4,1.3333333333333333,Lost Customers,0.6,0.8,0.8,70.0,High Risk
14393.0,218,1,67.95,2,1,1,4,1.3333333333333333,Lost Customers,0.6,0.8,0.8,70.0,High Risk
16403.0,312,1,177.5,2,1,1,4,1.3333333333333333,Lost Customers,0.6,0.8,0.8,70.0,High Risk
12565.0,289,1,145.92,2,1,1,4,1.3333333333333333,Lost Customers,0.6,0.8,0.8,70.0,High Risk
14438.0,306,1,131.9,2,1,1,4,1.3333333333333333,Lost Customers,0.6,0.8,0.8,70.0,High Risk
14453.0,190,1,119.93,2,1,1,4,1.3333333333333333,Lost Customers,0.6,0.8,0.8,70.0,High Risk
14457.0,311,1,113.64,2,1,1,4,1.3333333333333333,Lost Customers,0.6,0.8,0.8,70.0,High Risk
17099.0,533,1,582.17,1,2,2,5,1.6666666666666667,Lost Customers,0.8,0.6,0.6,70.0,High Risk
17103.0,722,1,424.3,1,2,2,5,1.6666666666666667,Lost Customers,0.8,0.6,0.6,70.0,High Risk
14811.0,387,1,170.5,2,1,1,4,1.3333333333333333,Lost Customers,0.6,0.8,0.8,70.0,High Risk
14816.0,197,1,271.85,2,1,1,4,1.3333333333333333,Lost Customers,0.6,0.8,0.8,70.0,High Risk
14826.0,582,2,385.2,1,2,2,5,1.6666666666666667,Lost Customers,0.8,0.6,0.6,70.0,High Risk
13072.0,267,1,177.15,2,1,1,4,1.3333333333333333,Lost Customers,0.6,0.8,0.8,70.0,High Risk
14771.0,621,2,594.62,1,2,2,5,1.6666666666666667,Lost Customers,0.8,0.6,0.6,70.0,High Risk
14782.0,320,1,200.10000000000002,2,1,1,4,1.3333333333333333,Lost Customers,0.6,0.8,0.8,70.0,High Risk
14458.0,381,1,228.07,2,1,1,4,1.3333333333333333,Lost Customers,0.6,0.8,0.8,70.0,High Risk
14471.0,591,2,400.95,1,2,2,5,1.6666666666666667,Lost Customers,0.8,0.6,0.6,70.0,High Risk
14373.0,358,1,76.55,2,1,1,4,1.3333333333333333,Lost Customers,0.6,0.8,0.8,70.0,High Risk
14386.0,297,1,142.4,2,1,1,4,1.3333333333333333,Lost Customers,0.6,0.8,0.8,70.0,High Risk
13264.0,443,1,722.5600000000001,1,1,3,5,1.6666666666666667,Lost Customers,0.8,0.8,0.4,70.0,High Risk
12574.0,316,1,218.45,2,1,1,4,1.3333333333333333,Lost Customers,0.6,0.8,0.8,70.0,High Risk
12622.0,232,1,180.1,2,1,1,4,1.3333333333333333,Lost Customers,0.6,0.8,0.8,70.0,High Risk
13284.0,331,1,201.19,2,1,1,4,1.3333333333333333,Lost Customers,0.6,0.8,0.8,70.0,High Risk
13286.0,600,1,734.91,1,1,3,5,1.6666666666666667,Lost Customers,0.8,0.8,0.4,70.0,High Risk
13303.0,400,1,61.72,2,1,1,4,1.3333333333333333,Lost Customers,0.6,0.8,0.8,70.0,High Risk
14877.0,418,2,425.85,1,2,2,5,1.6666666666666667,Lost Customers,0.8,0.6,0.6,70.0,High Risk
17568.0,633,1,374.45,1,2,2,5,1.6666666666666667,Lost Customers,0.8,0.6,0.6,70.0,High Risk
17077.0,578,1,306.0,1,2,2,5,1.6666666666666667,Lost Customers,0.8,0.6,0.6,70.0,High Risk
14476.0,257,1,193.0,2,1,1,4,1.3333333333333333,Lost Customers,0.6,0.8,0.8,70.0,High Risk
16055.0,221,1,134.8,2,1,1,4,1.3333333333333333,Lost Customers,0.6,0.8,0.8,70.0,High Risk
14940.0,418,2,531.49,1,2,2,5,1.6666666666666667,Lost Customers,0.8,0.6,0.6,70.0,High Risk
13024.0,471,2,555.87,1,2,2,5,1.6666666666666667,Lost Customers,0.8,0.6,0.6,70.0,High Risk
17794.0,687,2,147.3,1,3,1,5,1.6666666666666667,At Risk,0.8,0.4,0.8,70.0,High Risk
16964.0,733,2,207.85,1,3,1,5,1.6666666666666667,At Risk,0.8,0.4,0.8,70.0,High Risk
16339.0,284,1,94.05,2,1,1,4,1.3333333333333333,Lost Customers,0.6,0.8,0.8,70.0,High Risk
16346.0,385,1,224.51,2,1,1,4,1.3333333333333333,Lost Customers,0.6,0.8,0.8,70.0,High Risk
16349.0,291,1,53.5,2,1,1,4,1.3333333333333333,Lost Customers,0.6,0.8,0.8,70.0,High Risk
16911.0,636,2,255.25,1,3,1,5,1.6666666666666667,At Risk,0.8,0.4,0.8,70.0,High Risk
16920.0,411,1,355.45,1,2,2,5,1.6666666666666667,Lost Customers,0.8,0.6,0.6,70.0,High Risk
14835.0,529,2,297.0,1,2,2,5,1.6666666666666667,Lost Customers,0.8,0.6,0.6,70.0,High Risk
17104.0,424,1,474.03,1,2,2,5,1.6666666666666667,Lost Customers,0.8,0.6,0.6,70.0,High Risk
16073.0,297,1,122.39999999999999,2,1,1,4,1.3333333333333333,Lost Customers,0.6,0.8,0.8,70.0,High Risk
16074.0,390,1,252.5,2,1,1,4,1.3333333333333333,Lost Customers,0.6,0.8,0.8,70.0,High Risk
16097.0,240,1,185.04999999999998,2,1,1,4,1.3333333333333333,Lost Customers,0.6,0.8,0.8,70.0,High Risk
13073.0,411,2,418.08,1,2,2,5,1.6666666666666667,Lost Customers,0.8,0.6,0.6,70.0,High Risk
17488.0,641,1,336.5,1,2,2,5,1.6666666666666667,Lost Customers,0.8,0.6,0.6,70.0,High Risk
17156.0,492,1,591.87,1,2,2,5,1.6666666666666667,Lost Customers,0.8,0.6,0.6,70.0,High Risk
14964.0,247,1,206.21,2,1,1,4,1.3333333333333333,Lost Customers,0.6,0.8,0.8,70.0,High Risk
17833.0,723,1,338.46000000000004,1,2,2,5,1.6666666666666667,Lost Customers,0.8,0.6,0.6,70.0,High Risk
14340.0,219,1,134.7,2,1,1,4,1.3333333333333333,Lost Customers,0.6,0.8,0.8,70.0,High Risk
14368.0,320,1,155.0,2,1,1,4,1.3333333333333333,Lost Customers,0.6,0.8,0.8,70.0,High Risk
14369.0,642,2,469.13,1,2,2,5,1.6666666666666667,Lost Customers,0.8,0.6,0.6,70.0,High Risk
14371.0,295,1,100.5,2,1,1,4,1.3333333333333333,Lost Customers,0.6,0.8,0.8,70.0,High Risk
12542.0,484,2,481.88,1,2,2,5,1.6666666666666667,Lost Customers,0.8,0.6,0.6,70.0,High Risk
16420.0,396,1,75.0,2,1,1,4,1.3333333333333333,Lost Customers,0.6,0.8,0.8,70.0,High Risk
14278.0,410,1,205.83,2,1,1,4,1.3333333333333333,Lost Customers,0.6,0.8,0.8,70.0,High Risk
14969.0,704,1,906.23,1,1,3,5,1.6666666666666667,Lost Customers,0.8,0.8,0.4,70.0,High Risk
14990.0,612,2,304.17,1,2,2,5,1.6666666666666667,Lost Customers,0.8,0.6,0.6,70.0,High Risk
14889.0,336,1,135.9,2,1,1,4,1.3333333333333333,Lost Customers,0.6,0.8,0.8,70.0,High Risk
15995.0,414,1,694.54,1,1,3,5,1.6666666666666667,Lost Customers,0.8,0.8,0.4,70.0,High Risk
16039.0,424,2,456.4,1,2,2,5,1.6666666666666667,Lost Customers,0.8,0.6,0.6,70.0,High Risk
15131.0,395,1,80.28,2,1,1,4,1.3333333333333333,Lost Customers,0.6,0.8,0.8,70.0,High Risk
14996.0,481,2,442.28999999999996,1,2,2,5,1.6666666666666667,Lost Customers,0.8,0.6,0.6,70.0,High Risk
16058.0,406,1,62.7,2,1,1,4,1.3333333333333333,Lost Customers,0.6,0.8,0.8,70.0,High Risk
17116.0,648,1,389.78,1,2,2,5,1.6666666666666667,Lost Customers,0.8,0.6,0.6,70.0,High Risk
14280.0,197,1,134.04,2,1,1,4,1.3333333333333333,Lost Customers,0.6,0.8,0.8,70.0,High Risk
14281.0,408,1,245.15,2,1,1,4,1.3333333333333333,Lost Customers,0.6,0.8,0.8,70.0,High Risk
14296.0,421,2,456.40000000000003,1,2,2,5,1.6666666666666667,Lost Customers,0.8,0.6,0.6,70.0,High Risk
17842.0,602,1,430.69,1,2,2,5,1.6666666666666667,Lost Customers,0.8,0.6,0.6,70.0,High Risk
17847.0,516,2,129.69,1,3,1,5,1.6666666666666667,At Risk,0.8,0.4,0.8,70.0,High Risk
16452.0,631,2,332.17,1,2,2,5,1.6666666666666667,Lost Customers,0.8,0.6,0.6,70.0,High Risk
16457.0,218,1,208.36,2,1,1,4,1.3333333333333333,Lost Customers,0.6,0.8,0.8,70.0,High Risk
14165.0,276,1,120.44,2,1,1,4,1.3333333333333333,Lost Customers,0.6,0.8,0.8,70.0,High Risk
14255.0,546,1,1000.63,1,1,3,5,1.6666666666666667,Lost Customers,0.8,0.8,0.4,70.0,High Risk
13331.0,402,1,262.4,2,1,1,4,1.3333333333333333,Lost Customers,0.6,0.8,0.8,70.0,High Risk
15049.0,274,1,121.17000000000002,2,1,1,4,1.3333333333333333,Lost Customers,0.6,0.8,0.8,70.0,High Risk
15052.0,319,1,207.73000000000002,2,1,1,4,1.3333333333333333,Lost Customers,0.6,0.8,0.8,70.0,High Risk
17168.0,499,1,400.2,1,2,2,5,1.6666666666666667,Lost Customers,0.8,0.6,0.6,70.0,High Risk
12699.0,418,1,638.11,1,1,3,5,1.6666666666666667,Lost Customers,0.8,0.8,0.4,70.0,High Risk
12730.0,522,1,829.25,1,1,3,5,1.6666666666666667,Lost Customers,0.8,0.8,0.4,70.0,High Risk
14185.0,331,1,197.65,2,1,1,4,1.3333333333333333,Lost Customers,0.6,0.8,0.8,70.0,High Risk
16534.0,642,1,635.9,1,1,3,5,1.6666666666666667,Lost Customers,0.8,0.8,0.4,70.0,High Risk
12503.0,584,1,1126.0,1,1,3,5,1.6666666666666667,Lost Customers,0.8,0.8,0.4,70.0,High Risk
12506.0,233,1,73.5,2,1,1,4,1.3333333333333333,Lost Customers,0.6,0.8,0.8,70.0,High Risk
12509.0,284,1,176.5,2,1,1,4,1.3333333333333333,Lost Customers,0.6,0.8,0.8,70.0,High Risk
17916.0,629,2,43.87,1,3,1,5,1.6666666666666667,At Risk,0.8,0.4,0.8,70.0,High Risk
17927.0,722,1,294.0,1,2,2,5,1.6666666666666667,Lost Customers,0.8,0.6,0.6,70.0,High Risk
12736.0,333,1,234.0,2,1,1,4,1.3333333333333333,Lost Customers,0.6,0.8,0.8,70.0,High Risk
12738.0,372,1,155.35,2,1,1,4,1.3333333333333333,Lost Customers,0.6,0.8,0.8,70.0,High Risk
12741.0,529,2,406.07,1,2,2,5,1.6666666666666667,Lost Customers,0.8,0.6,0.6,70.0,High Risk
15102.0,531,2,554.67,1,2,2,5,1.6666666666666667,Lost Customers,0.8,0.6,0.6,70.0,High Risk
15119.0,246,1,266.4,2,1,1,4,1.3333333333333333,Lost Customers,0.6,0.8,0.8,70.0,High Risk
15126.0,537,2,449.49,1,2,2,5,1.6666666666666667,Lost Customers,0.8,0.6,0.6,70.0,High Risk
15020.0,379,1,198.47,2,1,1,4,1.3333333333333333,Lost Customers,0.6,0.8,0.8,70.0,High Risk
17471.0,475,1,321.65000000000003,1,2,2,5,1.6666666666666667,Lost Customers,0.8,0.6,0.6,70.0,High Risk
17479.0,633,1,389.26000000000005,1,2,2,5,1.6666666666666667,Lost Customers,0.8,0.6,0.6,70.0,High Risk
14253.0,493,2,363.40000000000003,1,2,2,5,1.6666666666666667,Lost Customers,0.8,0.6,0.6,70.0,High Risk
14155.0,266,1,118.75,2,1,1,4,1.3333333333333333,Lost Customers,0.6,0.8,0.8,70.0,High Risk
12543.0,448,1,980.25,1,1,3,5,1.6666666666666667,Lost Customers,0.8,0.8,0.4,70.0,High Risk
12551.0,358,1,168.0,2,1,1,4,1.3333333333333333,Lost Customers,0.6,0.8,0.8,70.0,High Risk
16483.0,192,1,139.35,2,1,1,4,1.3333333333333333,Lost Customers,0.6,0.8,0.8,70.0,High Risk
17484.0,576,2,209.57,1,3,1,5,1.6666666666666667,At Risk,0.8,0.4,0.8,70.0,High Risk
15161.0,388,1,119.92,2,1,1,4,1.3333333333333333,Lost Customers,0.6,0.8,0.8,70.0,High Risk
15170.0,407,1,81.15,2,1,1,4,1.3333333333333333,Lost Customers,0.6,0.8,0.8,70.0,High Risk
15176.0,668,1,988.04,1,1,3,5,1.6666666666666667,Lost Customers,0.8,0.8,0.4,70.0,High Risk
15177.0,426,1,948.93,1,1,3,5,1.6666666666666667,Lost Customers,0.8,0.8,0.4,70.0,High Risk
15178.0,260,1,40.5,2,1,1,4,1.3333333333333333,Lost Customers,0.6,0.8,0.8,70.0,High Risk
15080.0,428,2,546.25,1,2,2,5,1.6666666666666667,Lost Customers,0.8,0.6,0.6,70.0,High Risk
15083.0,257,1,88.2,2,1,1,4,1.3333333333333333,Lost Customers,0.6,0.8,0.8,70.0,High Risk
16524.0,446,2,306.19,1,2,2,5,1.6666666666666667,Lost Customers,0.8,0.6,0.6,70.0,High Risk
14168.0,421,2,370.45,1,2,2,5,1.6666666666666667,Lost Customers,0.8,0.6,0.6,70.0,High Risk
14181.0,411,2,308.35,1,2,2,5,1.6666666666666667,Lost Customers,0.8,0.6,0.6,70.0,High Risk
17907.0,641,1,291.76,1,2,2,5,1.6666666666666667,Lost Customers,0.8,0.6,0.6,70.0,High Risk
13374.0,415,2,422.8,1,2,2,5,1.6666666666666667,Lost Customers,0.8,0.6,0.6,70.0,High Risk
14058.0,463,2,469.19,1,2,2,5,1.6666666666666667,Lost Customers,0.8,0.6,0.6,70.0,High Risk
14059.0,267,1,183.6,2,1,1,4,1.3333333333333333,Lost Customers,0.6,0.8,0.8,70.0,High Risk
17435.0,411,1,331.35,1,2,2,5,1.6666666666666667,Lost Customers,0.8,0.6,0.6,70.0,High Risk
17437.0,530,1,369.68,1,2,2,5,1.6666666666666667,Lost Customers,0.8,0.6,0.6,70.0,High Risk
17439.0,656,1,325.74,1,2,2,5,1.6666666666666667,Lost Customers,0.8,0.6,0.6,70.0,High Risk
17441.0,732,1,293.35,1,2,2,5,1.6666666666666667,Lost Customers,0.8,0.6,0.6,70.0,High Risk
12742.0,626,1,1201.52,1,1,3,5,1.6666666666666667,Lost Customers,0.8,0.8,0.4,70.0,High Risk
15923.0,373,1,127.08,2,1,1,4,1.3333333333333333,Lost Customers,0.6,0.8,0.8,70.0,High Risk
15925.0,194,1,207.15,2,1,1,4,1.3333333333333333,Lost Customers,0.6,0.8,0.8,70.0,High Risk
15008.0,480,2,360.0,1,2,2,5,1.6666666666666667,Lost Customers,0.8,0.6,0.6,70.0,High Risk
15019.0,267,1,252.81,2,1,1,4,1.3333333333333333,Lost Customers,0.6,0.8,0.8,70.0,High Risk
14097.0,481,2,422.85999999999996,1,2,2,5,1.6666666666666667,Lost Customers,0.8,0.6,0.6,70.0,High Risk
16890.0,477,3,285.41,1,3,1,5,1.6666666666666667,At Risk,0.8,0.4,0.8,70.0,High Risk
16587.0,232,1,225.15,2,1,1,4,1.3333333333333333,Lost Customers,0.6,0.8,0.8,70.0,High Risk
16840.0,603,2,139.85,1,3,1,5,1.6666666666666667,At Risk,0.8,0.4,0.8,70.0,High Risk
16857.0,443,1,352.8,1,2,2,5,1.6666666666666667,Lost Customers,0.8,0.6,0.6,70.0,High Risk
16870.0,469,1,450.15999999999997,1,2,2,5,1.6666666666666667,Lost Customers,0.8,0.6,0.6,70.0,High Risk
13011.0,372,1,50.550000000000004,2,1,1,4,1.3333333333333333,Lost Customers,0.6,0.8,0.8,70.0,High Risk
15226.0,311,1,154.41,2,1,1,4,1.3333333333333333,Lost Customers,0.6,0.8,0.8,70.0,High Risk
15233.0,401,1,59.400000000000006,2,1,1,4,1.3333333333333333,Lost Customers,0.6,0.8,0.8,70.0,High Risk
15234.0,277,1,197.0,2,1,1,4,1.3333333333333333,Lost Customers,0.6,0.8,0.8,70.0,High Risk
15190.0,434,1,834.4399999999999,1,1,3,5,1.6666666666666667,Lost Customers,0.8,0.8,0.4,70.0,High Risk
12914.0,401,1,223.98,2,1,1,4,1.3333333333333333,Lost Customers,0.6,0.8,0.8,70.0,High Risk
15196.0,433,2,313.7,1,2,2,5,1.6666666666666667,Lost Customers,0.8,0.6,0.6,70.0,High Risk
17407.0,412,1,552.9,1,2,2,5,1.6666666666666667,Lost Customers,0.8,0.6,0.6,70.0,High Risk
16517.0,277,1,162.7,2,1,1,4,1.3333333333333333,Lost Customers,0.6,0.8,0.8,70.0,High Risk
16522.0,436,2,433.36,1,2,2,5,1.6666666666666667,Lost Customers,0.8,0.6,0.6,70.0,High Risk
14010.0,565,2,445.15,1,2,2,5,1.6666666666666667,Lost Customers,0.8,0.6,0.6,70.0,High Risk
14011.0,480,2,457.82,1,2,2,5,1.6666666666666667,Lost Customers,0.8,0.6,0.6,70.0,High Risk
14041.0,266,1,141.41,2,1,1,4,1.3333333333333333,Lost Customers,0.6,0.8,0.8,70.0,High Risk
14043.0,491,2,302.6,1,2,2,5,1.6666666666666667,Lost Customers,0.8,0.6,0.6,70.0,High Risk
14046.0,284,1,154.99,2,1,1,4,1.3333333333333333,Lost Customers,0.6,0.8,0.8,70.0,High Risk
13973.0,287,1,264.7,2,1,1,4,1.3333333333333333,Lost Customers,0.6,0.8,0.8,70.0,High Risk
13391.0,204,1,59.8,2,1,1,4,1.3333333333333333,Lost Customers,0.6,0.8,0.8,70.0,High Risk
13399.0,464,3,275.4,1,3,1,5,1.6666666666666667,At Risk,0.8,0.4,0.8,70.0,High Risk
13406.0,427,2,568.92,1,2,2,5,1.6666666666666667,Lost Customers,0.8,0.6,0.6,70.0,High Risk
15878.0,562,2,330.77,1,2,2,5,1.6666666666666667,Lost Customers,0.8,0.6,0.6,70.0,High Risk
15899.0,369,1,56.25,2,1,1,4,1.3333333333333333,Lost Customers,0.6,0.8,0.8,70.0,High Risk
15902.0,380,1,145.01,2,1,1,4,1.3333333333333333,Lost Customers,0.6,0.8,0.8,70.0,High Risk
15820.0,320,1,206.98,2,1,1,4,1.3333333333333333,Lost Customers,0.6,0.8,0.8,70.0,High Risk
15940.0,311,1,35.8,2,1,1,4,1.3333333333333333,Lost Customers,0.6,0.8,0.8,70.0,High Risk
14066.0,267,1,152.55,2,1,1,4,1.3333333333333333,Lost Customers,0.6,0.8,0.8,70.0,High Risk
14090.0,325,1,76.32000000000001,2,1,1,4,1.3333333333333333,Lost Customers,0.6,0.8,0.8,70.0,High Risk
12961.0,379,1,211.99,2,1,1,4,1.3333333333333333,Lost Customers,0.6,0.8,0.8,70.0,High Risk
15316.0,327,1,165.0,2,1,1,4,1.3333333333333333,Lost Customers,0.6,0.8,0.8,70.0,High Risk
16559.0,397,1,175.0,2,1,1,4,1.3333333333333333,Lost Customers,0.6,0.8,0.8,70.0,High Risk
16576.0,420,2,540.87,1,2,2,5,1.6666666666666667,Lost Customers,0.8,0.6,0.6,70.0,High Risk
16585.0,594,2,341.59,1,2,2,5,1.6666666666666667,Lost Customers,0.8,0.6,0.6,70.0,High Risk
18021.0,510,2,216.41,1,3,1,5,1.6666666666666667,At Risk,0.8,0.4,0.8,70.0,High Risk
18029.0,642,1,433.77,1,2,2,5,1.6666666666666667,Lost Customers,0.8,0.6,0.6,70.0,High Risk
15319.0,284,1,204.5,2,1,1,4,1.3333333333333333,Lost Customers,0.6,0.8,0.8,70.0,High Risk
15328.0,408,1,107.24,2,1,1,4,1.3333333333333333,Lost Customers,0.6,0.8,0.8,70.0,High Risk
15336.0,402,1,240.5,2,1,1,4,1.3333333333333333,Lost Customers,0.6,0.8,0.8,70.0,High Risk
15285.0,408,1,94.92,2,1,1,4,1.3333333333333333,Lost Customers,0.6,0.8,0.8,70.0,High Risk
15292.0,201,1,178.39,2,1,1,4,1.3333333333333333,Lost Customers,0.6,0.8,0.8,70.0,High Risk
12927.0,395,1,197.31,2,1,1,4,1.3333333333333333,Lost Customers,0.6,0.8,0.8,70.0,High Risk
12929.0,312,1,117.85,2,1,1,4,1.3333333333333333,Lost Customers,0.6,0.8,0.8,70.0,High Risk
12943.0,558,2,496.5,1,2,2,5,1.6666666666666667,Lost Customers,0.8,0.6,0.6,70.0,High Risk
17327.0,410,2,152.35,1,3,1,5,1.6666666666666667,At Risk,0.8,0.4,0.8,70.0,High Risk
17178.0,731,1,432.96,1,2,2,5,1.6666666666666667,Lost Customers,0.8,0.6,0.6,70.0,High Risk
17184.0,569,2,198.41000000000003,1,3,1,5,1.6666666666666667,At Risk,0.8,0.4,0.8,70.0,High Risk
17185.0,592,3,229.46,1,3,1,5,1.6666666666666667,At Risk,0.8,0.4,0.8,70.0,High Risk
13903.0,400,1,165.45000000000002,2,1,1,4,1.3333333333333333,Lost Customers,0.6,0.8,0.8,70.0,High Risk
13906.0,409,1,42.0,2,1,1,4,1.3333333333333333,Lost Customers,0.6,0.8,0.8,70.0,High Risk
13915.0,394,1,70.80000000000001,2,1,1,4,1.3333333333333333,Lost Customers,0.6,0.8,0.8,70.0,High Risk
16598.0,286,1,145.04999999999998,2,1,1,4,1.3333333333333333,Lost Customers,0.6,0.8,0.8,70.0,High Risk
16599.0,386,1,172.8,2,1,1,4,1.3333333333333333,Lost Customers,0.6,0.8,0.8,70.0,High Risk
16604.0,563,2,432.45,1,2,2,5,1.6666666666666667,Lost Customers,0.8,0.6,0.6,70.0,High Risk
12441.0,367,1,173.55,2,1,1,4,1.3333333333333333,Lost Customers,0.6,0.8,0.8,70.0,High Risk
17195.0,655,1,562.98,1,2,2,5,1.6666666666666667,Lost Customers,0.8,0.6,0.6,70.0,High Risk
17196.0,428,1,327.75,1,2,2,5,1.6666666666666667,Lost Customers,0.8,0.6,0.6,70.0,High Risk
17207.0,652,1,292.62,1,2,2,5,1.6666666666666667,Lost Customers,0.8,0.6,0.6,70.0,High Risk
15354.0,603,3,284.4,1,3,1,5,1.6666666666666667,At Risk,0.8,0.4,0.8,70.0,High Risk
15843.0,304,1,118.95000000000002,2,1,1,4,1.3333333333333333,Lost Customers,0.6,0.8,0.8,70.0,High Risk
15846.0,385,1,107.01,2,1,1,4,1.3333333333333333,Lost Customers,0.6,0.8,0.8,70.0,High Risk
12485.0,529,1,708.1,1,1,3,5,1.6666666666666667,Lost Customers,0.8,0.8,0.4,70.0,High Risk
12486.0,432,1,1037.28,1,1,3,5,1.6666666666666667,Lost Customers,0.8,0.8,0.4,70.0,High Risk
13834.0,577,2,324.19,1,2,2,5,1.6666666666666667,Lost Customers,0.8,0.6,0.6,70.0,High Risk
13840.0,416,1,651.4,1,1,3,5,1.6666666666666667,Lost Customers,0.8,0.8,0.4,70.0,High Risk
13841.0,253,1,85.0,2,1,1,4,1.3333333333333333,Lost Customers,0.6,0.8,0.8,70.0,High Risk
16783.0,437,1,391.95,1,2,2,5,1.6666666666666667,Lost Customers,0.8,0.6,0.6,70.0,High Risk
16799.0,432,2,452.78000000000003,1,2,2,5,1.6666666666666667,Lost Customers,0.8,0.6,0.6,70.0,High Risk
16802.0,679,2,582.61,1,2,2,5,1.6666666666666667,Lost Customers,0.8,0.6,0.6,70.0,High Risk
16815.0,454,2,406.02,1,2,2,5,1.6666666666666667,Lost Customers,0.8,0.6,0.6,70.0,High Risk
15404.0,376,1,257.06,2,1,1,4,1.3333333333333333,Lost Customers,0.6,0.8,0.8,70.0,High Risk
15408.0,264,1,267.18,2,1,1,4,1.3333333333333333,Lost Customers,0.6,0.8,0.8,70.0,High Risk
12858.0,383,1,147.27,2,1,1,4,1.3333333333333333,Lost Customers,0.6,0.8,0.8,70.0,High Risk
12887.0,384,1,222.4,2,1,1,4,1.3333333333333333,Lost Customers,0.6,0.8,0.8,70.0,High Risk
17292.0,472,2,271.75,1,3,1,5,1.6666666666666667,At Risk,0.8,0.4,0.8,70.0,High Risk
17296.0,730,1,338.13,1,2,2,5,1.6666666666666667,Lost Customers,0.8,0.6,0.6,70.0,High Risk
12786.0,610,1,728.5,1,1,3,5,1.6666666666666667,Lost Customers,0.8,0.8,0.4,70.0,High Risk
15554.0,278,1,217.2,2,1,1,4,1.3333333333333333,Lost Customers,0.6,0.8,0.8,70.0,High Risk
15559.0,568,1,1109.4,1,1,3,5,1.6666666666666667,Lost Customers,0.8,0.8,0.4,70.0,High Risk
12892.0,397,1,263.38,2,1,1,4,1.3333333333333333,Lost Customers,0.6,0.8,0.8,70.0,High Risk
12898.0,464,2,296.21000000000004,1,2,2,5,1.6666666666666667,Lost Customers,0.8,0.6,0.6,70.0,High Risk
12902.0,265,1,138.68,2,1,1,4,1.3333333333333333,Lost Customers,0.6,0.8,0.8,70.0,High Risk
12903.0,429,1,833.53,1,1,3,5,1.6666666666666667,Lost Customers,0.8,0.8,0.4,70.0,High Risk
15457.0,262,1,237.07,2,1,1,4,1.3333333333333333,Lost Customers,0.6,0.8,0.8,70.0,High Risk
15460.0,354,1,214.26,2,1,1,4,1.3333333333333333,Lost Customers,0.6,0.8,0.8,70.0,High Risk
15461.0,461,2,429.7,1,2,2,5,1.6666666666666667,Lost Customers,0.8,0.6,0.6,70.0,High Risk
15495.0,379,1,246.5,2,1,1,4,1.3333333333333333,Lost Customers,0.6,0.8,0.8,70.0,High Risk
15509.0,380,1,152.41,2,1,1,4,1.3333333333333333,Lost Customers,0.6,0.8,0.8,70.0,High Risk
15418.0,425,2,449.42,1,2,2,5,1.6666666666666667,Lost Customers,0.8,0.6,0.6,70.0,High Risk
15753.0,305,1,79.2,2,1,1,4,1.3333333333333333,Lost Customers,0.6,0.8,0.8,70.0,High Risk
15388.0,270,1,140.54,2,1,1,4,1.3333333333333333,Lost Customers,0.6,0.8,0.8,70.0,High Risk
15395.0,326,1,107.45,2,1,1,4,1.3333333333333333,Lost Customers,0.6,0.8,0.8,70.0,High Risk
15397.0,290,1,94.0,2,1,1,4,1.3333333333333333,Lost Customers,0.6,0.8,0.8,70.0,High Risk
15635.0,396,1,100.35,2,1,1,4,1.3333333333333333,Lost Customers,0.6,0.8,0.8,70.0,High Risk
15650.0,522,2,553.88,1,2,2,5,1.6666666666666667,Lost Customers,0.8,0.6,0.6,70.0,High Risk
12825.0,521,2,518.63,1,2,2,5,1.6666666666666667,Lost Customers,0.8,0.6,0.6,70.0,High Risk
18070.0,669,1,314.1,1,2,2,5,1.6666666666666667,Lost Customers,0.8,0.6,0.6,70.0,High Risk
13472.0,464,2,592.24,1,2,2,5,1.6666666666666667,Lost Customers,0.8,0.6,0.6,70.0,High Risk
13775.0,591,1,1049.66,1,1,3,5,1.6666666666666667,Lost Customers,0.8,0.8,0.4,70.0,High Risk
13789.0,388,1,239.45999999999998,2,1,1,4,1.3333333333333333,Lost Customers,0.6,0.8,0.8,70.0,High Risk
18111.0,589,1,405.85,1,2,2,5,1.6666666666666667,Lost Customers,0.8,0.6,0.6,70.0,High Risk
13708.0,271,1,285.33,2,1,1,4,1.3333333333333333,Lost Customers,0.6,0.8,0.8,70.0,High Risk
13716.0,269,1,138.28,2,1,1,4,1.3333333333333333,Lost Customers,0.6,0.8,0.8,70.0,High Risk
13733.0,411,2,487.03000000000003,1,2,2,5,1.6666666666666667,Lost Customers,0.8,0.6,0.6,70.0,High Risk
15510.0,331,1,250.0,2,1,1,4,1.3333333333333333,Lost Customers,0.6,0.8,0.8,70.0,High Risk
15515.0,387,1,171.81,2,1,1,4,1.3333333333333333,Lost Customers,0.6,0.8,0.8,70.0,High Risk
15517.0,233,1,267.03,2,1,1,4,1.3333333333333333,Lost Customers,0.6,0.8,0.8,70.0,High Risk
15528.0,254,1,229.33,2,1,1,4,1.3333333333333333,Lost Customers,0.6,0.8,0.8,70.0,High Risk
15536.0,409,1,259.09,2,1,1,4,1.3333333333333333,Lost Customers,0.6,0.8,0.8,70.0,High Risk
13698.0,597,2,451.73,1,2,2,5,1.6666666666666667,Lost Customers,0.8,0.6,0.6,70.0,High Risk
18089.0,447,1,428.45,1,2,2,5,1.6666666666666667,Lost Customers,0.8,0.6,0.6,70.0,High Risk
18090.0,422,1,321.9,1,2,2,5,1.6666666666666667,Lost Customers,0.8,0.6,0.6,70.0,High Risk
18091.0,593,1,360.85,1,2,2,5,1.6666666666666667,Lost Customers,0.8,0.6,0.6,70.0,High Risk
18100.0,550,1,451.56,1,2,2,5,1.6666666666666667,Lost Customers,0.8,0.6,0.6,70.0,High Risk
13432.0,571,2,439.1,1,2,2,5,1.6666666666666667,Lost Customers,0.8,0.6,0.6,70.0,High Risk
13671.0,395,1,172.6,2,1,1,4,1.3333333333333333,Lost Customers,0.6,0.8,0.8,70.0,High Risk
16659.0,189,1,39.12,2,1,1,4,1.3333333333333333,Lost Customers,0.6,0.8,0.8,70.0,High Risk
16662.0,394,1,151.05,2,1,1,4,1.3333333333333333,Lost Customers,0.6,0.8,0.8,70.0,High Risk
16617.0,236,1,151.85,2,1,1,4,1.3333333333333333,Lost Customers,0.6,0.8,0.8,70.0,High Risk
16630.0,407,1,106.80000000000001,2,1,1,4,1.3333333333333333,Lost Customers,0.6,0.8,0.8,70.0,High Risk
16632.0,486,2,406.4,1,2,2,5,1.6666666666666667,Lost Customers,0.8,0.6,0.6,70.0,High Risk
16640.0,398,1,179.4,2,1,1,4,1.3333333333333333,Lost Customers,0.6,0.8,0.8,70.0,High Risk
16646.0,449,1,678.8,1,1,3,5,1.6666666666666667,Lost Customers,0.8,0.8,0.4,70.0,High Risk
15591.0,583,3,217.9,1,3,1,5,1.6666666666666667,At Risk,0.8,0.4,0.8,70.0,High Risk
15627.0,457,2,566.9,1,2,2,5,1.6666666666666667,Lost Customers,0.8,0.6,0.6,70.0,High Risk
12396.0,674,1,931.43,1,1,3,5,1.6666666666666667,Lost Customers,0.8,0.8,0.4,70.0,High Risk
18182.0,463,1,291.13,1,2,2,5,1.6666666666666667,Lost Customers,0.8,0.6,0.6,70.0,High Risk
18199.0,684,1,344.75,1,2,2,5,1.6666666666666667,Lost Customers,0.8,0.6,0.6,70.0,High Risk
13570.0,243,1,239.49,2,1,1,4,1.3333333333333333,Lost Customers,0.6,0.8,0.8,70.0,High Risk
18207.0,499,1,544.47,1,2,2,5,1.6666666666666667,Lost Customers,0.8,0.6,0.6,70.0,High Risk
13578.0,409,1,147.66,2,1,1,4,1.3333333333333333,Lost Customers,0.6,0.8,0.8,70.0,High Risk
17257.0,436,2,189.78,1,3,1,5,1.6666666666666667,At Risk,0.8,0.4,0.8,70.0,High Risk
12401.0,303,1,84.3,2,1,1,4,1.3333333333333333,Lost Customers,0.6,0.8,0.8,70.0,High Risk
18243.0,414,1,515.78,1,2,2,5,1.6666666666666667,Lost Customers,0.8,0.6,0.6,70.0,High Risk
18253.0,643,1,317.88,1,2,2,5,1.6666666666666667,Lost Customers,0.8,0.6,0.6,70.0,High Risk
15703.0,265,1,211.5,2,1,1,4,1.3333333333333333,Lost Customers,0.6,0.8,0.8,70.0,High Risk
15705.0,201,1,143.1,2,1,1,4,1.3333333333333333,Lost Customers,0.6,0.8,0.8,70.0,High Risk
15710.0,417,1,898.87,1,1,3,5,1.6666666666666667,Lost Customers,0.8,0.8,0.4,70.0,High Risk
15711.0,557,2,420.25,1,2,2,5,1.6666666666666667,Lost Customers,0.8,0.6,0.6,70.0,High Risk
15733.0,283,1,162.3,2,1,1,4,1.3333333333333333,Lost Customers,0.6,0.8,0.8,70.0,High Risk
13535.0,403,1,89.5,2,1,1,4,1.3333333333333333,Lost Customers,0.6,0.8,0.8,70.0,High Risk
14612.0,415,1,877.7,1,1,3,5,1.6666666666666667,Lost Customers,0.8,0.8,0.4,70.0,High Risk
13164.0,569,2,372.2,1,2,2,5,1.6666666666666667,Lost Customers,0.8,0.6,0.6,70.0,High Risk
13172.0,400,1,69.6,2,1,1,4,1.3333333333333333,Lost Customers,0.6,0.8,0.8,70.0,High Risk
13185.0,268,1,71.4,2,1,1,4,1.3333333333333333,Lost Customers,0.6,0.8,0.8,70.0,High Risk
13254.0,376,1,51.410000000000004,2,1,1,4,1.3333333333333333,Lost Customers,0.6,0.8,0.8,70.0,High Risk
18128.0,537,1,399.29,1,2,2,5,1.6666666666666667,Lost Customers,0.8,0.6,0.6,70.0,High Risk
18137.0,551,2,145.99,1,3,1,5,1.6666666666666667,At Risk,0.8,0.4,0.8,70.0,High Risk
18140.0,474,1,536.41,1,2,2,5,1.6666666666666667,Lost Customers,0.8,0.6,0.6,70.0,High Risk
18152.0,646,1,426.69,1,2,2,5,1.6666666666666667,Lost Customers,0.8,0.6,0.6,70.0,High Risk
18206.0,553,1,314.65999999999997,1,2,2,5,1.6666666666666667,Lost Customers,0.8,0.6,0.6,70.0,High Risk
17246.0,547,2,38.92,1,3,1,5,1.6666666666666667,At Risk,0.8,0.4,0.8,70.0,High Risk
13604.0,659,1,717.62,1,1,3,5,1.6666666666666667,Lost Customers,0.8,0.8,0.4,70.0,High Risk
13612.0,633,1,818.29,1,1,3,5,1.6666666666666667,Lost Customers,0.8,0.8,0.4,70.0,High Risk
13622.0,696,1,658.95,1,1,3,5,1.6666666666666667,Lost Customers,0.8,0.8,0.4,70.0,High Risk
18264.0,499,1,603.25,1,2,2,5,1.6666666666666667,Lost Customers,0.8,0.6,0.6,70.0,High Risk
18284.0,432,1,461.68,1,2,2,5,1.6666666666666667,Lost Customers,0.8,0.6,0.6,70.0,High Risk
13526.0,738,2,1182.0,1,2,3,6,2.0,Lost Customers,0.8,0.6,0.4,65.0,High Risk
13537.0,426,2,717.85,1,2,3,6,2.0,Lost Customers,0.8,0.6,0.4,65.0,High Risk
13541.0,427,2,785.25,1,2,3,6,2.0,Lost Customers,0.8,0.6,0.4,65.0,High Risk
13581.0,309,2,280.53000000000003,2,2,1,5,1.6666666666666667,Lost Customers,0.6,0.6,0.8,65.0,High Risk
16704.0,618,2,664.16,1,2,3,6,2.0,Lost Customers,0.8,0.6,0.4,65.0,High Risk
16724.0,405,1,147.35,2,2,1,5,1.6666666666666667,Lost Customers,0.6,0.6,0.8,65.0,High Risk
16738.0,298,1,3.75,2,2,1,5,1.6666666666666667,Lost Customers,0.6,0.6,0.8,65.0,High Risk
16740.0,395,1,226.91,2,2,1,5,1.6666666666666667,Lost Customers,0.6,0.6,0.8,65.0,High Risk
12489.0,336,1,334.93,2,1,2,5,1.6666666666666667,Lost Customers,0.6,0.8,0.6,65.0,High Risk
16635.0,407,1,473.0,2,1,2,5,1.6666666666666667,Lost Customers,0.6,0.8,0.6,65.0,High Risk
18086.0,274,1,101.34,2,2,1,5,1.6666666666666667,Lost Customers,0.6,0.6,0.8,65.0,High Risk
18113.0,369,1,76.32000000000001,2,2,1,5,1.6666666666666667,Lost Customers,0.6,0.6,0.8,65.0,High Risk
18114.0,290,1,220.1,2,2,1,5,1.6666666666666667,Lost Customers,0.6,0.6,0.8,65.0,High Risk
13737.0,200,1,339.59999999999997,2,1,2,5,1.6666666666666667,Lost Customers,0.6,0.8,0.6,65.0,High Risk
13738.0,396,1,434.78000000000003,2,1,2,5,1.6666666666666667,Lost Customers,0.6,0.8,0.6,65.0,High Risk
13747.0,374,2,169.79999999999998,2,2,1,5,1.6666666666666667,Lost Customers,0.6,0.6,0.8,65.0,High Risk
15430.0,468,2,954.75,1,2,3,6,2.0,Lost Customers,0.8,0.6,0.4,65.0,High Risk
15442.0,249,1,594.0,2,1,2,5,1.6666666666666667,Lost Customers,0.6,0.8,0.6,65.0,High Risk
15445.0,264,2,284.5,2,2,1,5,1.6666666666666667,Lost Customers,0.6,0.6,0.8,65.0,High Risk
17208.0,396,1,111.15,2,2,1,5,1.6666666666666667,Lost Customers,0.6,0.6,0.8,65.0,High Risk
17209.0,649,3,595.7,1,3,2,6,2.0,At Risk,0.8,0.4,0.6,65.0,High Risk
17210.0,393,1,251.72,2,2,1,5,1.6666666666666667,Lost Customers,0.6,0.6,0.8,65.0,High Risk
15775.0,245,2,150.5,2,2,1,5,1.6666666666666667,Lost Customers,0.6,0.6,0.8,65.0,High Risk
15784.0,468,2,848.3299999999999,1,2,3,6,2.0,Lost Customers,0.8,0.6,0.4,65.0,High Risk
15794.0,736,2,777.0,1,2,3,6,2.0,Lost Customers,0.8,0.6,0.4,65.0,High Risk
12834.0,283,1,312.38,2,1,2,5,1.6666666666666667,Lost Customers,0.6,0.8,0.6,65.0,High Risk
15655.0,243,1,560.67,2,1,2,5,1.6666666666666667,Lost Customers,0.6,0.8,0.6,65.0,High Risk
15543.0,288,2,242.26,2,2,1,5,1.6666666666666667,Lost Customers,0.6,0.6,0.8,65.0,High Risk
15546.0,607,2,1079.1000000000001,1,2,3,6,2.0,Lost Customers,0.8,0.6,0.4,65.0,High Risk
15552.0,217,2,252.52,2,2,1,5,1.6666666666666667,Lost Customers,0.6,0.6,0.8,65.0,High Risk
15560.0,398,2,153.52,2,2,1,5,1.6666666666666667,Lost Customers,0.6,0.6,0.8,65.0,High Risk
17263.0,208,1,63.440000000000005,2,2,1,5,1.6666666666666667,Lost Customers,0.6,0.6,0.8,65.0,High Risk
15278.0,562,4,496.15999999999997,1,3,2,6,2.0,At Risk,0.8,0.4,0.6,65.0,High Risk
12905.0,577,2,1018.42,1,2,3,6,2.0,Lost Customers,0.8,0.6,0.4,65.0,High Risk
12788.0,463,4,444.9,1,3,2,6,2.0,At Risk,0.8,0.4,0.6,65.0,High Risk
17174.0,218,1,59.9,2,2,1,5,1.6666666666666667,Lost Customers,0.6,0.6,0.8,65.0,High Risk
17182.0,423,2,321.3,1,3,2,6,2.0,At Risk,0.8,0.4,0.6,65.0,High Risk
15359.0,663,8,181.35,1,4,1,6,2.0,At Risk,0.8,0.19999999999999996,0.8,65.0,High Risk
15362.0,449,2,613.08,1,2,3,6,2.0,Lost Customers,0.8,0.6,0.4,65.0,High Risk
15415.0,313,1,559.61,2,1,2,5,1.6666666666666667,Lost Customers,0.6,0.8,0.6,65.0,High Risk
12862.0,426,2,984.62,1,2,3,6,2.0,Lost Customers,0.8,0.6,0.4,65.0,High Risk
12881.0,276,1,298.0,2,1,2,5,1.6666666666666667,Lost Customers,0.6,0.8,0.6,65.0,High Risk
17275.0,383,1,114.1,2,2,1,5,1.6666666666666667,Lost Customers,0.6,0.6,0.8,65.0,High Risk
17283.0,379,1,188.46,2,2,1,5,1.6666666666666667,Lost Customers,0.6,0.6,0.8,65.0,High Risk
17285.0,628,2,407.94,1,3,2,6,2.0,At Risk,0.8,0.4,0.6,65.0,High Risk
17294.0,669,2,467.78999999999996,1,3,2,6,2.0,At Risk,0.8,0.4,0.6,65.0,High Risk
17303.0,361,1,250.04,2,2,1,5,1.6666666666666667,Lost Customers,0.6,0.6,0.8,65.0,High Risk
15503.0,363,2,257.3,2,2,1,5,1.6666666666666667,Lost Customers,0.6,0.6,0.8,65.0,High Risk
15236.0,299,1,321.05,2,1,2,5,1.6666666666666667,Lost Customers,0.6,0.8,0.6,65.0,High Risk
12911.0,552,1,1651.72,1,1,4,6,2.0,Lost Customers,0.8,0.8,0.19999999999999996,65.0,High Risk
17355.0,386,1,273.31,2,2,1,5,1.6666666666666667,Lost Customers,0.6,0.6,0.8,65.0,High Risk
17367.0,238,1,167.55,2,2,1,5,1.6666666666666667,Lost Customers,0.6,0.6,0.8,65.0,High Risk
17369.0,456,1,979.1999999999999,1,2,3,6,2.0,Lost Customers,0.8,0.6,0.4,65.0,High Risk
17378.0,374,1,10.95,2,2,1,5,1.6666666666666667,Lost Customers,0.6,0.6,0.8,65.0,High Risk
15880.0,369,1,329.03000000000003,2,1,2,5,1.6666666666666667,Lost Customers,0.6,0.8,0.6,65.0,High Risk
15891.0,227,1,511.68,2,1,2,5,1.6666666666666667,Lost Customers,0.6,0.8,0.6,65.0,High Risk
15894.0,253,2,258.25,2,2,1,5,1.6666666666666667,Lost Customers,0.6,0.6,0.8,65.0,High Risk
15897.0,194,2,208.59,2,2,1,5,1.6666666666666667,Lost Customers,0.6,0.6,0.8,65.0,High Risk
15908.0,491,2,758.62,1,2,3,6,2.0,Lost Customers,0.8,0.6,0.4,65.0,High Risk
15824.0,453,2,890.94,1,2,3,6,2.0,Lost Customers,0.8,0.6,0.4,65.0,High Risk
12761.0,458,2,782.95,1,2,3,6,2.0,Lost Customers,0.8,0.6,0.4,65.0,High Risk
15308.0,274,1,310.47,2,1,2,5,1.6666666666666667,Lost Customers,0.6,0.8,0.6,65.0,High Risk
15310.0,479,1,1634.64,1,1,4,6,2.0,Lost Customers,0.8,0.8,0.19999999999999996,65.0,High Risk
15323.0,563,3,434.6,1,3,2,6,2.0,At Risk,0.8,0.4,0.6,65.0,High Risk
15191.0,463,3,588.05,1,3,2,6,2.0,At Risk,0.8,0.4,0.6,65.0,High Risk
12988.0,292,1,505.82,2,1,2,5,1.6666666666666667,Lost Customers,0.6,0.8,0.6,65.0,High Risk
12996.0,376,1,355.5,2,1,2,5,1.6666666666666667,Lost Customers,0.6,0.8,0.6,65.0,High Risk
17455.0,204,1,131.7,2,2,1,5,1.6666666666666667,Lost Customers,0.6,0.6,0.8,65.0,High Risk
17467.0,395,1,102.6,2,2,1,5,1.6666666666666667,Lost Customers,0.6,0.6,0.8,65.0,High Risk
15914.0,378,2,205.99,2,2,1,5,1.6666666666666667,Lost Customers,0.6,0.6,0.8,65.0,High Risk
15915.0,402,1,364.45,2,1,2,5,1.6666666666666667,Lost Customers,0.6,0.8,0.6,65.0,High Risk
15922.0,373,1,369.5,2,1,2,5,1.6666666666666667,Lost Customers,0.6,0.8,0.6,65.0,High Risk
15936.0,379,2,282.79,2,2,1,5,1.6666666666666667,Lost Customers,0.6,0.6,0.8,65.0,High Risk
15956.0,551,2,617.6,1,2,3,6,2.0,Lost Customers,0.8,0.6,0.4,65.0,High Risk
15873.0,500,4,313.91999999999996,1,3,2,6,2.0,At Risk,0.8,0.4,0.6,65.0,High Risk
17393.0,411,2,381.15,1,3,2,6,2.0,At Risk,0.8,0.4,0.6,65.0,High Risk
17394.0,219,1,203.86999999999998,2,2,1,5,1.6666666666666667,Lost Customers,0.6,0.6,0.8,65.0,High Risk
15204.0,357,1,316.58,2,1,2,5,1.6666666666666667,Lost Customers,0.6,0.8,0.6,65.0,High Risk
15212.0,241,2,208.28,2,2,1,5,1.6666666666666667,Lost Customers,0.6,0.6,0.8,65.0,High Risk
15225.0,234,1,409.40000000000003,2,1,2,5,1.6666666666666667,Lost Customers,0.6,0.8,0.6,65.0,High Risk
17532.0,386,1,65.34,2,2,1,5,1.6666666666666667,Lost Customers,0.6,0.6,0.8,65.0,High Risk
17535.0,280,1,164.4,2,2,1,5,1.6666666666666667,Lost Customers,0.6,0.6,0.8,65.0,High Risk
17161.0,444,1,856.01,1,2,3,6,2.0,Lost Customers,0.8,0.6,0.4,65.0,High Risk
15959.0,682,3,542.89,1,3,2,6,2.0,At Risk,0.8,0.4,0.6,65.0,High Risk
15961.0,379,1,451.28999999999996,2,1,2,5,1.6666666666666667,Lost Customers,0.6,0.8,0.6,65.0,High Risk
15968.0,388,1,404.55,2,1,2,5,1.6666666666666667,Lost Customers,0.6,0.8,0.6,65.0,High Risk
12707.0,292,1,603.42,2,1,2,5,1.6666666666666667,Lost Customers,0.6,0.8,0.6,65.0,High Risk
15087.0,282,1,306.94,2,1,2,5,1.6666666666666667,Lost Customers,0.6,0.8,0.6,65.0,High Risk
15090.0,308,1,381.32,2,1,2,5,1.6666666666666667,Lost Customers,0.6,0.8,0.6,65.0,High Risk
15137.0,521,2,823.4,1,2,3,6,2.0,Lost Customers,0.8,0.6,0.4,65.0,High Risk
15138.0,394,1,502.52,2,1,2,5,1.6666666666666667,Lost Customers,0.6,0.8,0.6,65.0,High Risk
15001.0,394,2,199.10999999999999,2,2,1,5,1.6666666666666667,Lost Customers,0.6,0.6,0.8,65.0,High Risk
17474.0,600,1,1047.0,1,2,3,6,2.0,Lost Customers,0.8,0.6,0.4,65.0,High Risk
15139.0,240,2,178.96,2,2,1,5,1.6666666666666667,Lost Customers,0.6,0.6,0.8,65.0,High Risk
15155.0,383,1,383.96999999999997,2,1,2,5,1.6666666666666667,Lost Customers,0.6,0.8,0.6,65.0,High Risk
15165.0,373,1,487.75,2,1,2,5,1.6666666666666667,Lost Customers,0.6,0.8,0.6,65.0,High Risk
14949.0,469,4,515.0,1,3,2,6,2.0,At Risk,0.8,0.4,0.6,65.0,High Risk
14956.0,421,1,1325.0,1,1,4,6,2.0,Lost Customers,0.8,0.8,0.19999999999999996,65.0,High Risk
14957.0,253,2,261.69,2,2,1,5,1.6666666666666667,Lost Customers,0.6,0.6,0.8,65.0,High Risk
14917.0,597,2,1123.75,1,2,3,6,2.0,Lost Customers,0.8,0.6,0.4,65.0,High Risk
16001.0,381,1,583.39,2,1,2,5,1.6666666666666667,Lost Customers,0.6,0.8,0.6,65.0,High Risk
16022.0,260,1,602.63,2,1,2,5,1.6666666666666667,Lost Customers,0.6,0.8,0.6,65.0,High Risk
16030.0,310,1,331.24,2,1,2,5,1.6666666666666667,Lost Customers,0.6,0.8,0.6,65.0,High Risk
17117.0,288,1,116.19999999999999,2,2,1,5,1.6666666666666667,Lost Customers,0.6,0.6,0.8,65.0,High Risk
17118.0,318,1,157.02,2,2,1,5,1.6666666666666667,Lost Customers,0.6,0.6,0.8,65.0,High Risk
17128.0,335,1,157.09,2,2,1,5,1.6666666666666667,Lost Customers,0.6,0.6,0.8,65.0,High Risk
15047.0,270,1,343.62,2,1,2,5,1.6666666666666667,Lost Customers,0.6,0.8,0.6,65.0,High Risk
15055.0,475,3,549.12,1,3,2,6,2.0,At Risk,0.8,0.4,0.6,65.0,High Risk
15063.0,213,1,370.79999999999995,2,1,2,5,1.6666666666666667,Lost Customers,0.6,0.8,0.6,65.0,High Risk
17493.0,385,1,100.91000000000001,2,2,1,5,1.6666666666666667,Lost Customers,0.6,0.6,0.8,65.0,High Risk
17517.0,309,1,153.94,2,2,1,5,1.6666666666666667,Lost Customers,0.6,0.6,0.8,65.0,High Risk
17518.0,426,2,329.42,1,3,2,6,2.0,At Risk,0.8,0.4,0.6,65.0,High Risk
17577.0,645,2,348.75,1,3,2,6,2.0,At Risk,0.8,0.4,0.6,65.0,High Risk
14927.0,397,1,308.2,2,1,2,5,1.6666666666666667,Lost Customers,0.6,0.8,0.6,65.0,High Risk
13020.0,563,2,618.96,1,2,3,6,2.0,Lost Customers,0.8,0.6,0.4,65.0,High Risk
13033.0,357,2,220.55,2,2,1,5,1.6666666666666667,Lost Customers,0.6,0.6,0.8,65.0,High Risk
13043.0,273,1,516.42,2,1,2,5,1.6666666666666667,Lost Customers,0.6,0.8,0.6,65.0,High Risk
13096.0,394,1,419.70000000000005,2,1,2,5,1.6666666666666667,Lost Customers,0.6,0.8,0.6,65.0,High Risk
14838.0,423,2,769.9200000000001,1,2,3,6,2.0,Lost Customers,0.8,0.6,0.4,65.0,High Risk
16063.0,260,1,335.32,2,1,2,5,1.6666666666666667,Lost Customers,0.6,0.8,0.6,65.0,High Risk
16075.0,503,2,736.9300000000001,1,2,3,6,2.0,Lost Customers,0.8,0.6,0.4,65.0,High Risk
16077.0,626,1,2300.4,1,1,4,6,2.0,Lost Customers,0.8,0.8,0.19999999999999996,65.0,High Risk
16084.0,299,1,436.18,2,1,2,5,1.6666666666666667,Lost Customers,0.6,0.8,0.6,65.0,High Risk
16089.0,386,2,263.49,2,2,1,5,1.6666666666666667,Lost Customers,0.6,0.6,0.8,65.0,High Risk
17558.0,393,1,259.17,2,2,1,5,1.6666666666666667,Lost Customers,0.6,0.6,0.8,65.0,High Risk
17563.0,578,2,392.38,1,3,2,6,2.0,At Risk,0.8,0.4,0.6,65.0,High Risk
13060.0,254,1,307.53,2,1,2,5,1.6666666666666667,Lost Customers,0.6,0.8,0.6,65.0,High Risk
13062.0,191,1,346.98,2,1,2,5,1.6666666666666667,Lost Customers,0.6,0.8,0.6,65.0,High Risk
13144.0,333,2,135.35,2,2,1,5,1.6666666666666667,Lost Customers,0.6,0.6,0.8,65.0,High Risk
13150.0,484,3,449.96999999999997,1,3,2,6,2.0,At Risk,0.8,0.4,0.6,65.0,High Risk
14697.0,218,2,188.60999999999999,2,2,1,5,1.6666666666666667,Lost Customers,0.6,0.6,0.8,65.0,High Risk
16194.0,375,1,308.59999999999997,2,1,2,5,1.6666666666666667,Lost Customers,0.6,0.8,0.6,65.0,High Risk
17060.0,266,1,234.24,2,2,1,5,1.6666666666666667,Lost Customers,0.6,0.6,0.8,65.0,High Risk
17067.0,725,3,454.54,1,3,2,6,2.0,At Risk,0.8,0.4,0.6,65.0,High Risk
17089.0,386,1,128.45,2,2,1,5,1.6666666666666667,Lost Customers,0.6,0.6,0.8,65.0,High Risk
17102.0,262,1,25.5,2,2,1,5,1.6666666666666667,Lost Customers,0.6,0.6,0.8,65.0,High Risk
14809.0,621,2,686.76,1,2,3,6,2.0,Lost Customers,0.8,0.6,0.4,65.0,High Risk
13086.0,383,1,439.33000000000004,2,1,2,5,1.6666666666666667,Lost Customers,0.6,0.8,0.6,65.0,High Risk
14777.0,404,1,307.56,2,1,2,5,1.6666666666666667,Lost Customers,0.6,0.8,0.6,65.0,High Risk
14848.0,405,1,310.56,2,1,2,5,1.6666666666666667,Lost Customers,0.6,0.8,0.6,65.0,High Risk
14886.0,253,1,364.8,2,1,2,5,1.6666666666666667,Lost Customers,0.6,0.8,0.6,65.0,High Risk
14888.0,207,1,369.2,2,1,2,5,1.6666666666666667,Lost Customers,0.6,0.8,0.6,65.0,High Risk
17570.0,382,1,100.0,2,2,1,5,1.6666666666666667,Lost Customers,0.6,0.6,0.8,65.0,High Risk
17574.0,243,1,185.65,2,2,1,5,1.6666666666666667,Lost Customers,0.6,0.6,0.8,65.0,High Risk
14627.0,379,1,462.75,2,1,2,5,1.6666666666666667,Lost Customers,0.6,0.8,0.6,65.0,High Risk
14633.0,266,1,344.90000000000003,2,1,2,5,1.6666666666666667,Lost Customers,0.6,0.8,0.6,65.0,High Risk
14671.0,549,2,1127.45,1,2,3,6,2.0,Lost Customers,0.8,0.6,0.4,65.0,High Risk
12564.0,261,1,456.9,2,1,2,5,1.6666666666666667,Lost Customers,0.6,0.8,0.6,65.0,High Risk
12632.0,521,2,804.88,1,2,3,6,2.0,Lost Customers,0.8,0.6,0.4,65.0,High Risk
12671.0,606,1,2622.481,1,1,4,6,2.0,Lost Customers,0.8,0.8,0.19999999999999996,65.0,High Risk
12675.0,554,2,957.25,1,2,3,6,2.0,Lost Customers,0.8,0.6,0.4,65.0,High Risk
12690.0,206,1,389.01,2,1,2,5,1.6666666666666667,Lost Customers,0.6,0.8,0.6,65.0,High Risk
12696.0,435,2,851.91,1,2,3,6,2.0,Lost Customers,0.8,0.6,0.4,65.0,High Risk
16132.0,544,2,664.1999999999999,1,2,3,6,2.0,Lost Customers,0.8,0.6,0.4,65.0,High Risk
16142.0,250,1,535.34,2,1,2,5,1.6666666666666667,Lost Customers,0.6,0.8,0.6,65.0,High Risk
14747.0,249,1,328.2,2,1,2,5,1.6666666666666667,Lost Customers,0.6,0.8,0.6,65.0,High Risk
17619.0,312,1,214.37,2,2,1,5,1.6666666666666667,Lost Customers,0.6,0.6,0.8,65.0,High Risk
17654.0,277,1,117.55,2,2,1,5,1.6666666666666667,Lost Customers,0.6,0.6,0.8,65.0,High Risk
17662.0,662,2,412.92,1,3,2,6,2.0,At Risk,0.8,0.4,0.6,65.0,High Risk
17670.0,228,1,205.7,2,2,1,5,1.6666666666666667,Lost Customers,0.6,0.6,0.8,65.0,High Risk
17752.0,359,1,80.64,2,2,1,5,1.6666666666666667,Lost Customers,0.6,0.6,0.8,65.0,High Risk
14610.0,396,2,24.35,2,2,1,5,1.6666666666666667,Lost Customers,0.6,0.6,0.8,65.0,High Risk
14614.0,386,1,295.13,2,1,2,5,1.6666666666666667,Lost Customers,0.6,0.8,0.6,65.0,High Risk
14617.0,403,2,190.47000000000003,2,2,1,5,1.6666666666666667,Lost Customers,0.6,0.6,0.8,65.0,High Risk
13175.0,582,2,831.45,1,2,3,6,2.0,Lost Customers,0.8,0.6,0.4,65.0,High Risk
13181.0,381,1,359.69,2,1,2,5,1.6666666666666667,Lost Customers,0.6,0.8,0.6,65.0,High Risk
13190.0,544,3,570.66,1,3,2,6,2.0,At Risk,0.8,0.4,0.6,65.0,High Risk
17036.0,383,1,176.9,2,2,1,5,1.6666666666666667,Lost Customers,0.6,0.6,0.8,65.0,High Risk
16234.0,476,3,333.18,1,3,2,6,2.0,At Risk,0.8,0.4,0.6,65.0,High Risk
16246.0,460,2,821.35,1,2,3,6,2.0,Lost Customers,0.8,0.6,0.4,65.0,High Risk
16252.0,383,1,295.09000000000003,2,1,2,5,1.6666666666666667,Lost Customers,0.6,0.8,0.6,65.0,High Risk
16264.0,438,2,823.53,1,2,3,6,2.0,Lost Customers,0.8,0.6,0.4,65.0,High Risk
17698.0,261,1,154.95,2,2,1,5,1.6666666666666667,Lost Customers,0.6,0.6,0.8,65.0,High Risk
17699.0,477,2,442.0,1,3,2,6,2.0,At Risk,0.8,0.4,0.6,65.0,High Risk
13205.0,443,1,2803.2,1,1,4,6,2.0,Lost Customers,0.8,0.8,0.19999999999999996,65.0,High Risk
13216.0,268,1,333.74,2,1,2,5,1.6666666666666667,Lost Customers,0.6,0.8,0.6,65.0,High Risk
13270.0,366,1,590.0,2,1,2,5,1.6666666666666667,Lost Customers,0.6,0.8,0.6,65.0,High Risk
13274.0,409,1,360.85,2,1,2,5,1.6666666666666667,Lost Customers,0.6,0.8,0.6,65.0,High Risk
13275.0,384,2,238.86,2,2,1,5,1.6666666666666667,Lost Customers,0.6,0.6,0.8,65.0,High Risk
12575.0,457,2,622.8199999999999,1,2,3,6,2.0,Lost Customers,0.8,0.6,0.4,65.0,High Risk
12608.0,405,1,415.79,2,1,2,5,1.6666666666666667,Lost Customers,0.6,0.8,0.6,65.0,High Risk
12614.0,278,1,315.6,2,1,2,5,1.6666666666666667,Lost Customers,0.6,0.8,0.6,65.0,High Risk
16274.0,373,1,351.75,2,1,2,5,1.6666666666666667,Lost Customers,0.6,0.8,0.6,65.0,High Risk
16297.0,269,1,301.9,2,1,2,5,1.6666666666666667,Lost Customers,0.6,0.8,0.6,65.0,High Risk
16974.0,523,2,365.5,1,3,2,6,2.0,At Risk,0.8,0.4,0.6,65.0,High Risk
16976.0,267,1,251.51999999999998,2,2,1,5,1.6666666666666667,Lost Customers,0.6,0.6,0.8,65.0,High Risk
16991.0,421,1,1041.21,1,2,3,6,2.0,Lost Customers,0.8,0.6,0.4,65.0,High Risk
17773.0,514,2,575.37,1,3,2,6,2.0,At Risk,0.8,0.4,0.6,65.0,High Risk
17775.0,255,1,56.4,2,2,1,5,1.6666666666666667,Lost Customers,0.6,0.6,0.8,65.0,High Risk
14483.0,282,2,257.1,2,2,1,5,1.6666666666666667,Lost Customers,0.6,0.6,0.8,65.0,High Risk
14563.0,510,2,640.54,1,2,3,6,2.0,Lost Customers,0.8,0.6,0.4,65.0,High Risk
17745.0,478,2,600.34,1,3,2,6,2.0,At Risk,0.8,0.4,0.6,65.0,High Risk
17792.0,467,2,368.35,1,3,2,6,2.0,At Risk,0.8,0.4,0.6,65.0,High Risk
17803.0,392,1,184.66,2,2,1,5,1.6666666666666667,Lost Customers,0.6,0.6,0.8,65.0,High Risk
17808.0,549,4,262.64,1,4,1,6,2.0,At Risk,0.8,0.19999999999999996,0.8,65.0,High Risk
17810.0,669,2,373.16,1,3,2,6,2.0,At Risk,0.8,0.4,0.6,65.0,High Risk
17820.0,374,1,180.60999999999999,2,2,1,5,1.6666666666666667,Lost Customers,0.6,0.6,0.8,65.0,High Risk
17823.0,421,2,449.25,1,3,2,6,2.0,At Risk,0.8,0.4,0.6,65.0,High Risk
16962.0,410,1,251.04,2,2,1,5,1.6666666666666667,Lost Customers,0.6,0.6,0.8,65.0,High Risk
16965.0,227,1,201.19,2,2,1,5,1.6666666666666667,Lost Customers,0.6,0.6,0.8,65.0,High Risk
16973.0,386,1,127.0,2,2,1,5,1.6666666666666667,Lost Customers,0.6,0.6,0.8,65.0,High Risk
16319.0,218,1,404.40000000000003,2,1,2,5,1.6666666666666667,Lost Customers,0.6,0.8,0.6,65.0,High Risk
16355.0,375,1,416.35,2,1,2,5,1.6666666666666667,Lost Customers,0.6,0.8,0.6,65.0,High Risk
16381.0,396,2,247.85,2,2,1,5,1.6666666666666667,Lost Customers,0.6,0.6,0.8,65.0,High Risk
16390.0,537,3,467.5,1,3,2,6,2.0,At Risk,0.8,0.4,0.6,65.0,High Risk
14417.0,388,1,524.65,2,1,2,5,1.6666666666666667,Lost Customers,0.6,0.8,0.6,65.0,High Risk
14429.0,404,1,516.28,2,1,2,5,1.6666666666666667,Lost Customers,0.6,0.8,0.6,65.0,High Risk
14372.0,443,2,860.08,1,2,3,6,2.0,Lost Customers,0.8,0.6,0.4,65.0,High Risk
14294.0,407,1,375.34,2,1,2,5,1.6666666666666667,Lost Customers,0.6,0.8,0.6,65.0,High Risk
17855.0,373,1,208.97,2,2,1,5,1.6666666666666667,Lost Customers,0.6,0.6,0.8,65.0,High Risk
17859.0,305,1,141.92000000000002,2,2,1,5,1.6666666666666667,Lost Customers,0.6,0.6,0.8,65.0,High Risk
17868.0,386,1,227.15,2,2,1,5,1.6666666666666667,Lost Customers,0.6,0.6,0.8,65.0,High Risk
16436.0,668,3,319.14,1,3,2,6,2.0,At Risk,0.8,0.4,0.6,65.0,High Risk
16465.0,421,2,746.24,1,2,3,6,2.0,Lost Customers,0.8,0.6,0.4,65.0,High Risk
16922.0,573,1,611.08,1,2,3,6,2.0,Lost Customers,0.8,0.6,0.4,65.0,High Risk
16939.0,489,3,433.85,1,3,2,6,2.0,At Risk,0.8,0.4,0.6,65.0,High Risk
16958.0,435,1,778.49,1,2,3,6,2.0,Lost Customers,0.8,0.6,0.4,65.0,High Risk
17826.0,374,1,133.34,2,2,1,5,1.6666666666666667,Lost Customers,0.6,0.6,0.8,65.0,High Risk
14303.0,407,2,277.94,2,2,1,5,1.6666666666666667,Lost Customers,0.6,0.6,0.8,65.0,High Risk
14308.0,549,2,1147.02,1,2,3,6,2.0,Lost Customers,0.8,0.6,0.4,65.0,High Risk
14322.0,429,4,474.1,1,3,2,6,2.0,At Risk,0.8,0.4,0.6,65.0,High Risk
14348.0,260,1,409.57,2,1,2,5,1.6666666666666667,Lost Customers,0.6,0.8,0.6,65.0,High Risk
14363.0,402,2,227.47000000000003,2,2,1,5,1.6666666666666667,Lost Customers,0.6,0.6,0.8,65.0,High Risk
17780.0,667,3,346.56,1,3,2,6,2.0,At Risk,0.8,0.4,0.6,65.0,High Risk
17881.0,304,1,133.35000000000002,2,2,1,5,1.6666666666666667,Lost Customers,0.6,0.6,0.8,65.0,High Risk
17893.0,225,1,107.21,2,2,1,5,1.6666666666666667,Lost Customers,0.6,0.6,0.8,65.0,High Risk
17906.0,247,1,72.9,2,2,1,5,1.6666666666666667,Lost Customers,0.6,0.6,0.8,65.0,High Risk
13337.0,546,1,1575.26,1,1,4,6,2.0,Lost Customers,0.8,0.8,0.19999999999999996,65.0,High Risk
13345.0,288,1,389.5,2,1,2,5,1.6666666666666667,Lost Customers,0.6,0.8,0.6,65.0,High Risk
13358.0,269,1,439.03,2,1,2,5,1.6666666666666667,Lost Customers,0.6,0.8,0.6,65.0,High Risk
13369.0,366,1,308.28000000000003,2,1,2,5,1.6666666666666667,Lost Customers,0.6,0.8,0.6,65.0,High Risk
14192.0,388,1,293.74,2,1,2,5,1.6666666666666667,Lost Customers,0.6,0.8,0.6,65.0,High Risk
16472.0,434,2,789.6,1,2,3,6,2.0,Lost Customers,0.8,0.6,0.4,65.0,High Risk
12515.0,353,1,383.7,2,1,2,5,1.6666666666666667,Lost Customers,0.6,0.8,0.6,65.0,High Risk
16405.0,302,2,167.25,2,2,1,5,1.6666666666666667,Lost Customers,0.6,0.6,0.8,65.0,High Risk
16425.0,302,1,302.7,2,1,2,5,1.6666666666666667,Lost Customers,0.6,0.8,0.6,65.0,High Risk
16427.0,263,2,241.06,2,2,1,5,1.6666666666666667,Lost Customers,0.6,0.6,0.8,65.0,High Risk
14270.0,332,1,492.65000000000003,2,1,2,5,1.6666666666666667,Lost Customers,0.6,0.8,0.6,65.0,High Risk
14271.0,226,2,214.18,2,2,1,5,1.6666666666666667,Lost Customers,0.6,0.6,0.8,65.0,High Risk
14288.0,213,1,426.6,2,1,2,5,1.6666666666666667,Lost Customers,0.6,0.8,0.6,65.0,High Risk
14115.0,502,2,622.6700000000001,1,2,3,6,2.0,Lost Customers,0.8,0.6,0.4,65.0,High Risk
13990.0,213,1,311.3,2,1,2,5,1.6666666666666667,Lost Customers,0.6,0.8,0.6,65.0,High Risk
16874.0,379,1,209.89000000000001,2,2,1,5,1.6666666666666667,Lost Customers,0.6,0.6,0.8,65.0,High Risk
16876.0,404,1,136.01,2,2,1,5,1.6666666666666667,Lost Customers,0.6,0.6,0.8,65.0,High Risk
16509.0,297,1,363.7,2,1,2,5,1.6666666666666667,Lost Customers,0.6,0.8,0.6,65.0,High Risk
14169.0,431,2,621.51,1,2,3,6,2.0,Lost Customers,0.8,0.6,0.4,65.0,High Risk
14172.0,605,3,369.02,1,3,2,6,2.0,At Risk,0.8,0.4,0.6,65.0,High Risk
17918.0,501,3,396.39,1,3,2,6,2.0,At Risk,0.8,0.4,0.6,65.0,High Risk
17925.0,373,1,244.08,2,2,1,5,1.6666666666666667,Lost Customers,0.6,0.6,0.8,65.0,High Risk
14203.0,397,1,339.34,2,1,2,5,1.6666666666666667,Lost Customers,0.6,0.8,0.6,65.0,High Risk
14242.0,235,2,280.55,2,2,1,5,1.6666666666666667,Lost Customers,0.6,0.6,0.8,65.0,High Risk
14252.0,381,1,350.99,2,1,2,5,1.6666666666666667,Lost Customers,0.6,0.8,0.6,65.0,High Risk
14119.0,376,2,183.37,2,2,1,5,1.6666666666666667,Lost Customers,0.6,0.6,0.8,65.0,High Risk
14149.0,221,1,446.62,2,1,2,5,1.6666666666666667,Lost Customers,0.6,0.8,0.6,65.0,High Risk
14151.0,673,2,679.45,1,2,3,6,2.0,Lost Customers,0.8,0.6,0.4,65.0,High Risk
17872.0,382,1,235.87,2,2,1,5,1.6666666666666667,Lost Customers,0.6,0.6,0.8,65.0,High Risk
13961.0,392,1,538.4,2,1,2,5,1.6666666666666667,Lost Customers,0.6,0.8,0.6,65.0,High Risk
13385.0,330,1,534.57,2,1,2,5,1.6666666666666667,Lost Customers,0.6,0.8,0.6,65.0,High Risk
13386.0,414,2,835.46,1,2,3,6,2.0,Lost Customers,0.8,0.6,0.4,65.0,High Risk
17972.0,242,1,135.19,2,2,1,5,1.6666666666666667,Lost Customers,0.6,0.6,0.8,65.0,High Risk
17983.0,395,1,171.71,2,2,1,5,1.6666666666666667,Lost Customers,0.6,0.6,0.8,65.0,High Risk
17989.0,379,1,207.32999999999998,2,2,1,5,1.6666666666666667,Lost Customers,0.6,0.6,0.8,65.0,High Risk
17992.0,389,1,252.88,2,2,1,5,1.6666666666666667,Lost Customers,0.6,0.6,0.8,65.0,High Risk
16568.0,428,2,1020.9000000000001,1,2,3,6,2.0,Lost Customers,0.8,0.6,0.4,65.0,High Risk
16864.0,434,2,409.25,1,3,2,6,2.0,At Risk,0.8,0.4,0.6,65.0,High Risk
16865.0,402,1,130.95,2,2,1,5,1.6666666666666667,Lost Customers,0.6,0.6,0.8,65.0,High Risk
13997.0,519,3,376.46,1,3,2,6,2.0,At Risk,0.8,0.4,0.6,65.0,High Risk
13998.0,447,3,566.7,1,3,2,6,2.0,At Risk,0.8,0.4,0.6,65.0,High Risk
14012.0,278,1,328.8,2,1,2,5,1.6666666666666667,Lost Customers,0.6,0.8,0.6,65.0,High Risk
14026.0,471,2,713.11,1,2,3,6,2.0,Lost Customers,0.8,0.6,0.4,65.0,High Risk
17945.0,697,3,360.35,1,3,2,6,2.0,At Risk,0.8,0.4,0.6,65.0,High Risk
17956.0,249,1,12.75,2,2,1,5,1.6666666666666667,Lost Customers,0.6,0.6,0.8,65.0,High Risk
13776.0,428,2,623.98,1,2,3,6,2.0,Lost Customers,0.8,0.6,0.4,65.0,High Risk
13785.0,429,4,542.49,1,3,2,6,2.0,At Risk,0.8,0.4,0.6,65.0,High Risk
16821.0,382,1,113.35,2,2,1,5,1.6666666666666667,Lost Customers,0.6,0.6,0.8,65.0,High Risk
12439.0,683,2,1142.88,1,2,3,6,2.0,Lost Customers,0.8,0.6,0.4,65.0,High Risk
12440.0,462,2,859.2,1,2,3,6,2.0,Lost Customers,0.8,0.6,0.4,65.0,High Risk
12447.0,243,1,476.49,2,1,2,5,1.6666666666666667,Lost Customers,0.6,0.8,0.6,65.0,High Risk
16538.0,541,3,395.07,1,3,2,6,2.0,At Risk,0.8,0.4,0.6,65.0,High Risk
13837.0,212,2,266.59000000000003,2,2,1,5,1.6666666666666667,Lost Customers,0.6,0.6,0.8,65.0,High Risk
13843.0,381,1,319.75,2,1,2,5,1.6666666666666667,Lost Customers,0.6,0.8,0.6,65.0,High Risk
18010.0,257,1,174.8,2,2,1,5,1.6666666666666667,Lost Customers,0.6,0.6,0.8,65.0,High Risk
18032.0,334,1,73.5,2,2,1,5,1.6666666666666667,Lost Customers,0.6,0.6,0.8,65.0,High Risk
18004.0,362,1,157.92,2,2,1,5,1.6666666666666667,Lost Customers,0.6,0.6,0.8,65.0,High Risk
18007.0,393,1,215.22,2,2,1,5,1.6666666666666667,Lost Customers,0.6,0.6,0.8,65.0,High Risk
13887.0,204,1,349.55,2,1,2,5,1.6666666666666667,Lost Customers,0.6,0.8,0.6,65.0,High Risk
13932.0,295,1,307.4,2,1,2,5,1.6666666666666667,Lost Customers,0.6,0.8,0.6,65.0,High Risk
13957.0,418,3,458.25,1,3,2,6,2.0,At Risk,0.8,0.4,0.6,65.0,High Risk
13751.0,288,1,296.25,2,1,2,5,1.6666666666666667,Lost Customers,0.6,0.8,0.6,65.0,High Risk
13442.0,667,3,419.87,1,3,2,6,2.0,At Risk,0.8,0.4,0.6,65.0,High Risk
13459.0,625,2,1160.4099999999999,1,2,3,6,2.0,Lost Customers,0.8,0.6,0.4,65.0,High Risk
13550.0,383,1,342.55,2,1,2,5,1.6666666666666667,Lost Customers,0.6,0.8,0.6,65.0,High Risk
13660.0,400,1,306.64,2,1,2,5,1.6666666666666667,Lost Customers,0.6,0.8,0.6,65.0,High Risk
16665.0,362,1,135.39999999999998,2,2,1,5,1.6666666666666667,Lost Customers,0.6,0.6,0.8,65.0,High Risk
16752.0,373,1,207.5,2,2,1,5,1.6666666666666667,Lost Customers,0.6,0.6,0.8,65.0,High Risk
16757.0,319,2,270.48,2,2,1,5,1.6666666666666667,Lost Customers,0.6,0.6,0.8,65.0,High Risk
16786.0,394,1,51.839999999999996,2,2,1,5,1.6666666666666667,Lost Customers,0.6,0.6,0.8,65.0,High Risk
18049.0,437,2,500.92,1,3,2,6,2.0,At Risk,0.8,0.4,0.6,65.0,High Risk
18054.0,393,1,176.5,2,2,1,5,1.6666666666666667,Lost Customers,0.6,0.6,0.8,65.0,High Risk
18068.0,289,1,101.69999999999999,2,2,1,5,1.6666666666666667,Lost Customers,0.6,0.6,0.8,65.0,High Risk
18076.0,380,1,151.49,2,2,1,5,1.6666666666666667,Lost Customers,0.6,0.6,0.8,65.0,High Risk
13465.0,446,2,931.12,1,2,3,6,2.0,Lost Customers,0.8,0.6,0.4,65.0,High Risk
13480.0,417,2,627.82,1,2,3,6,2.0,Lost Customers,0.8,0.6,0.4,65.0,High Risk
13768.0,727,2,875.97,1,2,3,6,2.0,Lost Customers,0.8,0.6,0.4,65.0,High Risk
12350.0,310,1,334.4,2,1,2,5,1.6666666666666667,Lost Customers,0.6,0.8,0.6,65.0,High Risk
12351.0,375,1,300.93,2,1,2,5,1.6666666666666667,Lost Customers,0.6,0.8,0.6,65.0,High Risk
18213.0,237,1,232.48000000000002,2,2,1,5,1.6666666666666667,Lost Customers,0.6,0.6,0.8,65.0,High Risk
18224.0,264,1,158.95000000000002,2,2,1,5,1.6666666666666667,Lost Customers,0.6,0.6,0.8,65.0,High Risk
16677.0,411,2,880.62,1,2,3,6,2.0,Lost Customers,0.8,0.6,0.4,65.0,High Risk
16687.0,391,1,157.63,2,2,1,5,1.6666666666666667,Lost Customers,0.6,0.6,0.8,65.0,High Risk
16697.0,241,1,112.75,2,2,1,5,1.6666666666666667,Lost Customers,0.6,0.6,0.8,65.0,High Risk
13582.0,390,2,241.68,2,2,1,5,1.6666666666666667,Lost Customers,0.6,0.6,0.8,65.0,High Risk
13624.0,388,1,462.08,2,1,2,5,1.6666666666666667,Lost Customers,0.6,0.8,0.6,65.0,High Risk
18256.0,388,1,110.7,2,2,1,5,1.6666666666666667,Lost Customers,0.6,0.6,0.8,65.0,High Risk
18269.0,366,1,168.6,2,2,1,5,1.6666666666666667,Lost Customers,0.6,0.6,0.8,65.0,High Risk
13551.0,319,2,244.2,2,2,1,5,1.6666666666666667,Lost Customers,0.6,0.6,0.8,65.0,High Risk
13559.0,513,2,990.0,1,2,3,6,2.0,Lost Customers,0.8,0.6,0.4,65.0,High Risk
18119.0,368,1,180.7,2,2,1,5,1.6666666666666667,Lost Customers,0.6,0.6,0.8,65.0,High Risk
18120.0,214,1,111.15,2,2,1,5,1.6666666666666667,Lost Customers,0.6,0.6,0.8,65.0,High Risk
13494.0,312,1,316.26000000000005,2,1,2,5,1.6666666666666667,Lost Customers,0.6,0.8,0.6,65.0,High Risk
17270.0,469,2,601.4499999999999,1,3,2,6,2.0,At Risk,0.8,0.4,0.6,65.0,High Risk
15566.0,393,2,227.87,2,2,1,5,1.6666666666666667,Lost Customers,0.6,0.6,0.8,65.0,High Risk
12852.0,295,1,311.55,2,1,2,5,1.6666666666666667,Lost Customers,0.6,0.8,0.6,65.0,High Risk
15726.0,390,1,321.91,2,1,2,5,1.6666666666666667,Lost Customers,0.6,0.8,0.6,65.0,High Risk
15666.0,472,2,632.9399999999999,1,2,3,6,2.0,Lost Customers,0.8,0.6,0.4,65.0,High Risk
12800.0,470,3,584.25,1,3,2,6,2.0,At Risk,0.8,0.4,0.6,65.0,High Risk
12807.0,383,1,330.35,2,1,2,5,1.6666666666666667,Lost Customers,0.6,0.8,0.6,65.0,High Risk
12821.0,214,2,220.8,2,2,1,5,1.6666666666666667,Lost Customers,0.6,0.6,0.8,65.0,High Risk
18163.0,584,1,728.84,1,2,3,6,2.0,Lost Customers,0.8,0.6,0.4,65.0,High Risk
12411.0,410,1,346.9,2,1,2,5,1.6666666666666667,Lost Customers,0.6,0.8,0.6,65.0,High Risk
18244.0,431,2,568.64,1,3,2,6,2.0,At Risk,0.8,0.4,0.6,65.0,High Risk
18187.0,632,1,724.89,1,2,3,6,2.0,Lost Customers,0.8,0.6,0.4,65.0,High Risk
18195.0,387,1,101.16,2,2,1,5,1.6666666666666667,Lost Customers,0.6,0.6,0.8,65.0,High Risk
18129.0,243,1,112.55000000000001,2,2,1,5,1.6666666666666667,Lost Customers,0.6,0.6,0.8,65.0,High Risk
18134.0,598,2,445.0,1,3,2,6,2.0,At Risk,0.8,0.4,0.6,65.0,High Risk
18138.0,295,1,152.65,2,2,1,5,1.6666666666666667,Lost Customers,0.6,0.6,0.8,65.0,High Risk
12353.0,204,2,406.76,2,2,2,6,2.0,Lost Customers,0.6,0.6,0.6,60.0,High Risk
12376.0,390,2,503.15,2,2,2,6,2.0,Lost Customers,0.6,0.6,0.6,60.0,High Risk
12386.0,338,2,401.9,2,2,2,6,2.0,Lost Customers,0.6,0.6,0.6,60.0,High Risk
18233.0,326,1,440.0,2,2,2,6,2.0,Lost Customers,0.6,0.6,0.6,60.0,High Risk
18247.0,415,3,839.73,1,3,3,7,2.3333333333333335,At Risk,0.8,0.4,0.4,60.0,High Risk
18250.0,310,1,349.27,2,2,2,6,2.0,Lost Customers,0.6,0.6,0.6,60.0,High Risk
18176.0,358,1,476.35,2,2,2,6,2.0,Lost Customers,0.6,0.6,0.6,60.0,High Risk
18185.0,249,1,304.25,2,2,2,6,2.0,Lost Customers,0.6,0.6,0.6,60.0,High Risk
16721.0,262,1,292.47,2,2,2,6,2.0,Lost Customers,0.6,0.6,0.6,60.0,High Risk
16765.0,294,2,454.75,2,2,2,6,2.0,Lost Customers,0.6,0.6,0.6,60.0,High Risk
16785.0,410,1,533.78,2,2,2,6,2.0,Lost Customers,0.6,0.6,0.6,60.0,High Risk
16798.0,554,3,841.16,1,3,3,7,2.3333333333333335,At Risk,0.8,0.4,0.4,60.0,High Risk
16594.0,75,1,181.09,3,1,1,5,1.6666666666666667,Potential Loyalists,0.4,0.8,0.8,60.0,High Risk
16606.0,404,2,357.66,2,2,2,6,2.0,Lost Customers,0.6,0.6,0.6,60.0,High Risk
13540.0,467,3,632.39,1,3,3,7,2.3333333333333335,At Risk,0.8,0.4,0.4,60.0,High Risk
13508.0,244,2,287.05,2,2,2,6,2.0,Lost Customers,0.6,0.6,0.6,60.0,High Risk
13483.0,66,1,140.34,3,1,1,5,1.6666666666666667,Potential Loyalists,0.4,0.8,0.8,60.0,High Risk
18098.0,396,1,527.94,2,2,2,6,2.0,Lost Customers,0.6,0.6,0.6,60.0,High Risk
18083.0,398,1,463.53,2,2,2,6,2.0,Lost Customers,0.6,0.6,0.6,60.0,High Risk
13703.0,318,2,425.56,2,2,2,6,2.0,Lost Customers,0.6,0.6,0.6,60.0,High Risk
13687.0,438,1,11880.84,1,1,5,7,2.3333333333333335,Lost Customers,0.8,0.8,0.0,60.0,High Risk
13682.0,187,1,59.5,3,1,1,5,1.6666666666666667,Potential Loyalists,0.4,0.8,0.8,60.0,High Risk
13678.0,152,1,232.6,3,1,1,5,1.6666666666666667,Potential Loyalists,0.4,0.8,0.8,60.0,High Risk
13677.0,405,2,551.24,2,2,2,6,2.0,Lost Customers,0.6,0.6,0.6,60.0,High Risk
13646.0,400,2,326.25,2,2,2,6,2.0,Lost Customers,0.6,0.6,0.6,60.0,High Risk
13645.0,120,1,252.1,3,1,1,5,1.6666666666666667,Potential Loyalists,0.4,0.8,0.8,60.0,High Risk
13433.0,501,4,658.3199999999999,1,3,3,7,2.3333333333333335,At Risk,0.8,0.4,0.4,60.0,High Risk
13419.0,64,1,221.06,3,1,1,5,1.6666666666666667,Potential Loyalists,0.4,0.8,0.8,60.0,High Risk
13729.0,436,3,724.73,1,3,3,7,2.3333333333333335,At Risk,0.8,0.4,0.4,60.0,High Risk
13718.0,246,2,306.55,2,2,2,6,2.0,Lost Customers,0.6,0.6,0.6,60.0,High Risk
16382.0,408,2,353.1,2,2,2,6,2.0,Lost Customers,0.6,0.6,0.6,60.0,High Risk
16373.0,382,2,309.49,2,2,2,6,2.0,Lost Customers,0.6,0.6,0.6,60.0,High Risk
16338.0,157,1,214.79999999999998,3,1,1,5,1.6666666666666667,Potential Loyalists,0.4,0.8,0.8,60.0,High Risk
16323.0,196,2,353.66,2,2,2,6,2.0,Lost Customers,0.6,0.6,0.6,60.0,High Risk
16315.0,331,2,402.71,2,2,2,6,2.0,Lost Customers,0.6,0.6,0.6,60.0,High Risk
16967.0,189,1,319.02,2,2,2,6,2.0,Lost Customers,0.6,0.6,0.6,60.0,High Risk
16448.0,198,2,361.12,2,2,2,6,2.0,Lost Customers,0.6,0.6,0.6,60.0,High Risk
16437.0,381,2,301.25,2,2,2,6,2.0,Lost Customers,0.6,0.6,0.6,60.0,High Risk
16435.0,512,3,1003.0699999999999,1,3,3,7,2.3333333333333335,At Risk,0.8,0.4,0.4,60.0,High Risk
16429.0,106,1,284.55,3,1,1,5,1.6666666666666667,Potential Loyalists,0.4,0.8,0.8,60.0,High Risk
16428.0,414,3,638.49,1,3,3,7,2.3333333333333335,At Risk,0.8,0.4,0.4,60.0,High Risk
16424.0,191,2,443.06,2,2,2,6,2.0,Lost Customers,0.6,0.6,0.6,60.0,High Risk
12537.0,409,1,732.94,2,1,3,6,2.0,Lost Customers,0.6,0.8,0.4,60.0,High Risk
12533.0,628,2,1367.89,1,2,4,7,2.3333333333333335,Lost Customers,0.8,0.6,0.19999999999999996,60.0,High Risk
12525.0,498,3,973.73,1,3,3,7,2.3333333333333335,At Risk,0.8,0.4,0.4,60.0,High Risk
12511.0,429,1,3084.02,1,1,5,7,2.3333333333333335,Lost Customers,0.8,0.8,0.0,60.0,High Risk
16213.0,79,1,159.0,3,1,1,5,1.6666666666666667,Potential Loyalists,0.4,0.8,0.8,60.0,High Risk
12559.0,311,2,561.71,2,2,2,6,2.0,Lost Customers,0.6,0.6,0.6,60.0,High Risk
16262.0,378,1,755.15,2,1,3,6,2.0,Lost Customers,0.6,0.8,0.4,60.0,High Risk
16257.0,177,1,46.95,3,1,1,5,1.6666666666666667,Potential Loyalists,0.4,0.8,0.8,60.0,High Risk
16248.0,62,1,152.94,3,1,1,5,1.6666666666666667,Potential Loyalists,0.4,0.8,0.8,60.0,High Risk
16247.0,170,1,114.56,3,1,1,5,1.6666666666666667,Potential Loyalists,0.4,0.8,0.8,60.0,High Risk
16230.0,190,2,542.03,2,2,2,6,2.0,Lost Customers,0.6,0.6,0.6,60.0,High Risk
17039.0,604,1,1954.99,1,2,4,7,2.3333333333333335,Lost Customers,0.8,0.6,0.19999999999999996,60.0,High Risk
17023.0,417,3,800.18,1,3,3,7,2.3333333333333335,At Risk,0.8,0.4,0.4,60.0,High Risk
17020.0,542,2,935.62,1,3,3,7,2.3333333333333335,At Risk,0.8,0.4,0.4,60.0,High Risk
17005.0,471,2,622.36,1,3,3,7,2.3333333333333335,At Risk,0.8,0.4,0.4,60.0,High Risk
16975.0,423,3,926.12,1,3,3,7,2.3333333333333335,At Risk,0.8,0.4,0.4,60.0,High Risk
16307.0,429,3,1194.92,1,3,3,7,2.3333333333333335,At Risk,0.8,0.4,0.4,60.0,High Risk
16302.0,127,1,233.22,3,1,1,5,1.6666666666666667,Potential Loyalists,0.4,0.8,0.8,60.0,High Risk
16270.0,353,1,1141.24,2,1,3,6,2.0,Lost Customers,0.6,0.8,0.4,60.0,High Risk
16402.0,265,2,293.45,2,2,2,6,2.0,Lost Customers,0.6,0.6,0.6,60.0,High Risk
16088.0,576,2,1437.43,1,2,4,7,2.3333333333333335,Lost Customers,0.8,0.6,0.19999999999999996,60.0,High Risk
16078.0,284,2,362.99,2,2,2,6,2.0,Lost Customers,0.6,0.6,0.6,60.0,High Risk
17106.0,389,1,481.58,2,2,2,6,2.0,Lost Customers,0.6,0.6,0.6,60.0,High Risk
16179.0,61,1,215.83,3,1,1,5,1.6666666666666667,Potential Loyalists,0.4,0.8,0.8,60.0,High Risk
16171.0,59,1,73.2,3,1,1,5,1.6666666666666667,Potential Loyalists,0.4,0.8,0.8,60.0,High Risk
16148.0,296,2,386.62,2,2,2,6,2.0,Lost Customers,0.6,0.6,0.6,60.0,High Risk
16118.0,653,1,4376.25,1,1,5,7,2.3333333333333335,Lost Customers,0.8,0.8,0.0,60.0,High Risk
16116.0,212,1,612.78,2,1,3,6,2.0,Lost Customers,0.6,0.8,0.4,60.0,High Risk
16114.0,171,1,135.75000000000003,3,1,1,5,1.6666666666666667,Potential Loyalists,0.4,0.8,0.8,60.0,High Risk
16113.0,183,1,161.38,3,1,1,5,1.6666666666666667,Potential Loyalists,0.4,0.8,0.8,60.0,High Risk
12687.0,481,2,2138.91,1,2,4,7,2.3333333333333335,Lost Customers,0.8,0.6,0.19999999999999996,60.0,High Risk
12672.0,330,2,437.05,2,2,2,6,2.0,Lost Customers,0.6,0.6,0.6,60.0,High Risk
12641.0,115,1,185.9,3,1,1,5,1.6666666666666667,Potential Loyalists,0.4,0.8,0.8,60.0,High Risk
16217.0,235,2,304.25,2,2,2,6,2.0,Lost Customers,0.6,0.6,0.6,60.0,High Risk
16216.0,267,1,914.9300000000001,2,1,3,6,2.0,Lost Customers,0.6,0.8,0.4,60.0,High Risk
16215.0,81,1,242.35,3,1,1,5,1.6666666666666667,Potential Loyalists,0.4,0.8,0.8,60.0,High Risk
15909.0,174,1,191.94,3,1,1,5,1.6666666666666667,Potential Loyalists,0.4,0.8,0.8,60.0,High Risk
12732.0,180,1,236.26000000000002,3,1,1,5,1.6666666666666667,Potential Loyalists,0.4,0.8,0.8,60.0,High Risk
12718.0,71,1,238.25,3,1,1,5,1.6666666666666667,Potential Loyalists,0.4,0.8,0.8,60.0,High Risk
12711.0,612,2,1339.05,1,2,4,7,2.3333333333333335,Lost Customers,0.8,0.6,0.19999999999999996,60.0,High Risk
17143.0,417,2,880.97,1,3,3,7,2.3333333333333335,At Risk,0.8,0.4,0.4,60.0,High Risk
17140.0,247,1,454.12,2,2,2,6,2.0,Lost Customers,0.6,0.6,0.6,60.0,High Risk
17121.0,403,1,314.74,2,2,2,6,2.0,Lost Customers,0.6,0.6,0.6,60.0,High Risk
17120.0,233,1,307.46,2,2,2,6,2.0,Lost Customers,0.6,0.6,0.6,60.0,High Risk
16021.0,395,2,487.03,2,2,2,6,2.0,Lost Customers,0.6,0.6,0.6,60.0,High Risk
16006.0,211,2,332.82,2,2,2,6,2.0,Lost Customers,0.6,0.6,0.6,60.0,High Risk
15989.0,376,2,368.31,2,2,2,6,2.0,Lost Customers,0.6,0.6,0.6,60.0,High Risk
12756.0,87,1,112.07999999999998,3,1,1,5,1.6666666666666667,Potential Loyalists,0.4,0.8,0.8,60.0,High Risk
12750.0,129,1,275.88,3,1,1,5,1.6666666666666667,Potential Loyalists,0.4,0.8,0.8,60.0,High Risk
12745.0,487,3,925.41,1,3,3,7,2.3333333333333335,At Risk,0.8,0.4,0.4,60.0,High Risk
16106.0,66,1,108.38,3,1,1,5,1.6666666666666667,Potential Loyalists,0.4,0.8,0.8,60.0,High Risk
16093.0,107,1,17.0,3,1,1,5,1.6666666666666667,Potential Loyalists,0.4,0.8,0.8,60.0,High Risk
15746.0,134,1,196.88,3,1,1,5,1.6666666666666667,Potential Loyalists,0.4,0.8,0.8,60.0,High Risk
15744.0,78,1,34.8,3,1,1,5,1.6666666666666667,Potential Loyalists,0.4,0.8,0.8,60.0,High Risk
15736.0,435,2,1767.12,1,2,4,7,2.3333333333333335,Lost Customers,0.8,0.6,0.19999999999999996,60.0,High Risk
17170.0,374,2,178.68,2,3,1,6,2.0,At Risk,0.6,0.4,0.8,60.0,High Risk
12790.0,192,2,591.85,2,2,2,6,2.0,Lost Customers,0.6,0.6,0.6,60.0,High Risk
12769.0,239,1,1143.6,2,1,3,6,2.0,Lost Customers,0.6,0.8,0.4,60.0,High Risk
12767.0,376,1,949.82,2,1,3,6,2.0,Lost Customers,0.6,0.8,0.4,60.0,High Risk
15842.0,393,2,548.8,2,2,2,6,2.0,Lost Customers,0.6,0.6,0.6,60.0,High Risk
15832.0,254,1,836.79,2,1,3,6,2.0,Lost Customers,0.6,0.8,0.4,60.0,High Risk
15828.0,375,1,1108.82,2,1,3,6,2.0,Lost Customers,0.6,0.8,0.4,60.0,High Risk
15895.0,150,1,179.17,3,1,1,5,1.6666666666666667,Potential Loyalists,0.4,0.8,0.8,60.0,High Risk
15866.0,101,1,211.89,3,1,1,5,1.6666666666666667,Potential Loyalists,0.4,0.8,0.8,60.0,High Risk
12797.0,366,2,552.08,2,2,2,6,2.0,Lost Customers,0.6,0.6,0.6,60.0,High Risk
15937.0,64,1,145.35,3,1,1,5,1.6666666666666667,Potential Loyalists,0.4,0.8,0.8,60.0,High Risk
15935.0,239,2,416.86,2,2,2,6,2.0,Lost Customers,0.6,0.6,0.6,60.0,High Risk
15934.0,418,2,2190.66,1,2,4,7,2.3333333333333335,Lost Customers,0.8,0.6,0.19999999999999996,60.0,High Risk
15519.0,383,2,344.61,2,2,2,6,2.0,Lost Customers,0.6,0.6,0.6,60.0,High Risk
15600.0,428,4,1199.31,1,3,3,7,2.3333333333333335,At Risk,0.8,0.4,0.4,60.0,High Risk
15593.0,71,1,199.8,3,1,1,5,1.6666666666666667,Potential Loyalists,0.4,0.8,0.8,60.0,High Risk
15586.0,593,3,1139.1,1,3,3,7,2.3333333333333335,At Risk,0.8,0.4,0.4,60.0,High Risk
15578.0,162,1,127.1,3,1,1,5,1.6666666666666667,Potential Loyalists,0.4,0.8,0.8,60.0,High Risk
17269.0,386,1,491.81,2,2,2,6,2.0,Lost Customers,0.6,0.6,0.6,60.0,High Risk
17217.0,234,2,210.1,2,3,1,6,2.0,At Risk,0.6,0.4,0.8,60.0,High Risk
12814.0,102,1,125.92,3,1,1,5,1.6666666666666667,Potential Loyalists,0.4,0.8,0.8,60.0,High Risk
12803.0,393,1,1092.81,2,1,3,6,2.0,Lost Customers,0.6,0.8,0.4,60.0,High Risk
15670.0,297,2,325.2,2,2,2,6,2.0,Lost Customers,0.6,0.6,0.6,60.0,High Risk
15663.0,106,1,138.14,3,1,1,5,1.6666666666666667,Potential Loyalists,0.4,0.8,0.8,60.0,High Risk
15729.0,213,3,192.55,2,3,1,6,2.0,At Risk,0.6,0.4,0.8,60.0,High Risk
15728.0,380,2,544.6,2,2,2,6,2.0,Lost Customers,0.6,0.6,0.6,60.0,High Risk
15709.0,284,2,327.85,2,2,2,6,2.0,Lost Customers,0.6,0.6,0.6,60.0,High Risk
15776.0,133,1,241.62,3,1,1,5,1.6666666666666667,Potential Loyalists,0.4,0.8,0.8,60.0,High Risk
15771.0,604,3,1006.54,1,3,3,7,2.3333333333333335,At Risk,0.8,0.4,0.4,60.0,High Risk
15412.0,171,1,190.53,3,1,1,5,1.6666666666666667,Potential Loyalists,0.4,0.8,0.8,60.0,High Risk
15350.0,373,2,547.6,2,2,2,6,2.0,Lost Customers,0.6,0.6,0.6,60.0,High Risk
17305.0,649,1,2135.46,1,2,4,7,2.3333333333333335,Lost Customers,0.8,0.6,0.19999999999999996,60.0,High Risk
17291.0,308,1,550.8000000000001,2,2,2,6,2.0,Lost Customers,0.6,0.6,0.6,60.0,High Risk
17278.0,241,2,271.24,2,3,1,6,2.0,At Risk,0.6,0.4,0.8,60.0,High Risk
17276.0,402,1,502.49,2,2,2,6,2.0,Lost Customers,0.6,0.6,0.6,60.0,High Risk
12888.0,214,2,354.12,2,2,2,6,2.0,Lost Customers,0.6,0.6,0.6,60.0,High Risk
15454.0,362,2,305.99,2,2,2,6,2.0,Lost Customers,0.6,0.6,0.6,60.0,High Risk
15438.0,131,1,156.57999999999998,3,1,1,5,1.6666666666666667,Potential Loyalists,0.4,0.8,0.8,60.0,High Risk
15437.0,262,2,393.45,2,2,2,6,2.0,Lost Customers,0.6,0.6,0.6,60.0,High Risk
15433.0,214,2,533.3,2,2,2,6,2.0,Lost Customers,0.6,0.6,0.6,60.0,High Risk
15501.0,405,2,399.95,2,2,2,6,2.0,Lost Customers,0.6,0.6,0.6,60.0,High Risk
15464.0,338,1,1044.65,2,1,3,6,2.0,Lost Customers,0.6,0.8,0.4,60.0,High Risk
15542.0,512,3,855.71,1,3,3,7,2.3333333333333335,At Risk,0.8,0.4,0.4,60.0,High Risk
15541.0,114,1,85.13000000000001,3,1,1,5,1.6666666666666667,Potential Loyalists,0.4,0.8,0.8,60.0,High Risk
15537.0,163,1,110.92,3,1,1,5,1.6666666666666667,Potential Loyalists,0.4,0.8,0.8,60.0,High Risk
15259.0,513,4,1182.3799999999999,1,3,3,7,2.3333333333333335,At Risk,0.8,0.4,0.4,60.0,High Risk
15230.0,239,2,429.6,2,2,2,6,2.0,Lost Customers,0.6,0.6,0.6,60.0,High Risk
15213.0,319,2,328.35,2,2,2,6,2.0,Lost Customers,0.6,0.6,0.6,60.0,High Risk
15207.0,416,3,683.9200000000001,1,3,3,7,2.3333333333333335,At Risk,0.8,0.4,0.4,60.0,High Risk
17380.0,434,3,645.0,1,3,3,7,2.3333333333333335,At Risk,0.8,0.4,0.4,60.0,High Risk
17366.0,432,2,1077.24,1,3,3,7,2.3333333333333335,At Risk,0.8,0.4,0.4,60.0,High Risk
12918.0,626,1,10953.5,1,1,5,7,2.3333333333333335,Lost Customers,0.8,0.8,0.0,60.0,High Risk
12907.0,396,2,508.91,2,2,2,6,2.0,Lost Customers,0.6,0.6,0.6,60.0,High Risk
15307.0,96,1,205.3,3,1,1,5,1.6666666666666667,Potential Loyalists,0.4,0.8,0.8,60.0,High Risk
15283.0,390,3,148.33,2,3,1,6,2.0,At Risk,0.6,0.4,0.8,60.0,High Risk
15348.0,72,1,158.04,3,1,1,5,1.6666666666666667,Potential Loyalists,0.4,0.8,0.8,60.0,High Risk
15333.0,208,1,1028.56,2,1,3,6,2.0,Lost Customers,0.6,0.8,0.4,60.0,High Risk
15331.0,500,3,767.91,1,3,3,7,2.3333333333333335,At Risk,0.8,0.4,0.4,60.0,High Risk
15313.0,110,1,52.0,3,1,1,5,1.6666666666666667,Potential Loyalists,0.4,0.8,0.8,60.0,High Risk
15309.0,611,4,797.96,1,3,3,7,2.3333333333333335,At Risk,0.8,0.4,0.4,60.0,High Risk
12958.0,400,2,467.34,2,2,2,6,2.0,Lost Customers,0.6,0.6,0.6,60.0,High Risk
15169.0,382,2,569.22,2,2,2,6,2.0,Lost Customers,0.6,0.6,0.6,60.0,High Risk
15151.0,423,2,2085.61,1,2,4,7,2.3333333333333335,Lost Customers,0.8,0.6,0.19999999999999996,60.0,High Risk
15147.0,240,1,623.5,2,1,3,6,2.0,Lost Customers,0.6,0.8,0.4,60.0,High Risk
15143.0,226,2,563.63,2,2,2,6,2.0,Lost Customers,0.6,0.6,0.6,60.0,High Risk
17482.0,487,2,775.64,1,3,3,7,2.3333333333333335,At Risk,0.8,0.4,0.4,60.0,High Risk
17477.0,613,2,1144.3,1,3,3,7,2.3333333333333335,At Risk,0.8,0.4,0.4,60.0,High Risk
17443.0,220,1,534.24,2,2,2,6,2.0,Lost Customers,0.6,0.6,0.6,60.0,High Risk
17431.0,313,1,403.3,2,2,2,6,2.0,Lost Customers,0.6,0.6,0.6,60.0,High Risk
13010.0,374,2,330.12,2,2,2,6,2.0,Lost Customers,0.6,0.6,0.6,60.0,High Risk
12998.0,493,3,920.08,1,3,3,7,2.3333333333333335,At Risk,0.8,0.4,0.4,60.0,High Risk
12995.0,85,1,211.32,3,1,1,5,1.6666666666666667,Potential Loyalists,0.4,0.8,0.8,60.0,High Risk
12974.0,198,2,408.95,2,2,2,6,2.0,Lost Customers,0.6,0.6,0.6,60.0,High Risk
12972.0,414,4,1161.2,1,3,3,7,2.3333333333333335,At Risk,0.8,0.4,0.4,60.0,High Risk
12968.0,112,1,135.95,3,1,1,5,1.6666666666666667,Potential Loyalists,0.4,0.8,0.8,60.0,High Risk
15268.0,479,3,961.9000000000001,1,3,3,7,2.3333333333333335,At Risk,0.8,0.4,0.4,60.0,High Risk
15263.0,107,1,156.51,3,1,1,5,1.6666666666666667,Potential Loyalists,0.4,0.8,0.8,60.0,High Risk
14981.0,246,2,372.92,2,2,2,6,2.0,Lost Customers,0.6,0.6,0.6,60.0,High Risk
13061.0,72,1,248.61,3,1,1,5,1.6666666666666667,Potential Loyalists,0.4,0.8,0.8,60.0,High Risk
13057.0,530,3,709.59,1,3,3,7,2.3333333333333335,At Risk,0.8,0.4,0.4,60.0,High Risk
17551.0,359,1,290.34,2,2,2,6,2.0,Lost Customers,0.6,0.6,0.6,60.0,High Risk
17486.0,261,1,396.87,2,2,2,6,2.0,Lost Customers,0.6,0.6,0.6,60.0,High Risk
15042.0,199,2,315.45,2,2,2,6,2.0,Lost Customers,0.6,0.6,0.6,60.0,High Risk
15037.0,376,2,397.76,2,2,2,6,2.0,Lost Customers,0.6,0.6,0.6,60.0,High Risk
15035.0,90,1,252.73000000000002,3,1,1,5,1.6666666666666667,Potential Loyalists,0.4,0.8,0.8,60.0,High Risk
15011.0,396,2,416.6,2,2,2,6,2.0,Lost Customers,0.6,0.6,0.6,60.0,High Risk
15007.0,159,1,156.91,3,1,1,5,1.6666666666666667,Potential Loyalists,0.4,0.8,0.8,60.0,High Risk
15135.0,239,2,305.68,2,2,2,6,2.0,Lost Customers,0.6,0.6,0.6,60.0,High Risk
15118.0,134,1,244.8,3,1,1,5,1.6666666666666667,Potential Loyalists,0.4,0.8,0.8,60.0,High Risk
15077.0,495,2,2428.08,1,2,4,7,2.3333333333333335,Lost Customers,0.8,0.6,0.19999999999999996,60.0,High Risk
15183.0,548,3,639.93,1,3,3,7,2.3333333333333335,At Risk,0.8,0.4,0.4,60.0,High Risk
15175.0,72,1,224.14,3,1,1,5,1.6666666666666667,Potential Loyalists,0.4,0.8,0.8,60.0,High Risk
15174.0,323,2,481.46,2,2,2,6,2.0,Lost Customers,0.6,0.6,0.6,60.0,High Risk
14792.0,64,1,6.2,3,1,1,5,1.6666666666666667,Potential Loyalists,0.4,0.8,0.8,60.0,High Risk
13161.0,313,2,472.13,2,2,2,6,2.0,Lost Customers,0.6,0.6,0.6,60.0,High Risk
17607.0,376,1,333.81,2,2,2,6,2.0,Lost Customers,0.6,0.6,0.6,60.0,High Risk
17598.0,381,1,409.98,2,2,2,6,2.0,Lost Customers,0.6,0.6,0.6,60.0,High Risk
17569.0,332,1,344.14,2,2,2,6,2.0,Lost Customers,0.6,0.6,0.6,60.0,High Risk
14872.0,484,3,816.6,1,3,3,7,2.3333333333333335,At Risk,0.8,0.4,0.4,60.0,High Risk
14840.0,268,2,362.71,2,2,2,6,2.0,Lost Customers,0.6,0.6,0.6,60.0,High Risk
14839.0,418,3,915.28,1,3,3,7,2.3333333333333335,At Risk,0.8,0.4,0.4,60.0,High Risk
13099.0,99,1,207.35999999999999,3,1,1,5,1.6666666666666667,Potential Loyalists,0.4,0.8,0.8,60.0,High Risk
13095.0,71,1,74.39999999999999,3,1,1,5,1.6666666666666667,Potential Loyalists,0.4,0.8,0.8,60.0,High Risk
13041.0,451,4,799.13,1,3,3,7,2.3333333333333335,At Risk,0.8,0.4,0.4,60.0,High Risk
13039.0,584,4,1010.73,1,3,3,7,2.3333333333333335,At Risk,0.8,0.4,0.4,60.0,High Risk
14938.0,562,2,2322.43,1,2,4,7,2.3333333333333335,Lost Customers,0.8,0.6,0.19999999999999996,60.0,High Risk
14926.0,382,2,359.4,2,2,2,6,2.0,Lost Customers,0.6,0.6,0.6,60.0,High Risk
14986.0,376,2,563.1,2,2,2,6,2.0,Lost Customers,0.6,0.6,0.6,60.0,High Risk
14985.0,198,2,292.01,2,2,2,6,2.0,Lost Customers,0.6,0.6,0.6,60.0,High Risk
14647.0,201,2,506.04,2,2,2,6,2.0,Lost Customers,0.6,0.6,0.6,60.0,High Risk
14620.0,206,2,412.78000000000003,2,2,2,6,2.0,Lost Customers,0.6,0.6,0.6,60.0,High Risk
17697.0,236,1,338.95,2,2,2,6,2.0,Lost Customers,0.6,0.6,0.6,60.0,High Risk
17688.0,394,1,304.2,2,2,2,6,2.0,Lost Customers,0.6,0.6,0.6,60.0,High Risk
17638.0,647,2,842.4,1,3,3,7,2.3333333333333335,At Risk,0.8,0.4,0.4,60.0,High Risk
17622.0,598,2,1130.21,1,3,3,7,2.3333333333333335,At Risk,0.8,0.4,0.4,60.0,High Risk
14762.0,264,2,417.57,2,2,2,6,2.0,Lost Customers,0.6,0.6,0.6,60.0,High Risk
14734.0,426,4,1056.42,1,3,3,7,2.3333333333333335,At Risk,0.8,0.4,0.4,60.0,High Risk
13133.0,274,3,200.45000000000002,2,3,1,6,2.0,At Risk,0.6,0.4,0.8,60.0,High Risk
13130.0,94,1,64.0,3,1,1,5,1.6666666666666667,Potential Loyalists,0.4,0.8,0.8,60.0,High Risk
13127.0,78,1,259.17,3,1,1,5,1.6666666666666667,Potential Loyalists,0.4,0.8,0.8,60.0,High Risk
14772.0,112,1,139.26,3,1,1,5,1.6666666666666667,Potential Loyalists,0.4,0.8,0.8,60.0,High Risk
14807.0,391,2,504.14,2,2,2,6,2.0,Lost Customers,0.6,0.6,0.6,60.0,High Risk
14802.0,438,2,1502.98,1,2,4,7,2.3333333333333335,Lost Customers,0.8,0.6,0.19999999999999996,60.0,High Risk
14801.0,61,1,189.34,3,1,1,5,1.6666666666666667,Potential Loyalists,0.4,0.8,0.8,60.0,High Risk
14795.0,166,1,131.45000000000002,3,1,1,5,1.6666666666666667,Potential Loyalists,0.4,0.8,0.8,60.0,High Risk
13235.0,212,1,1031.07,2,1,3,6,2.0,Lost Customers,0.6,0.8,0.4,60.0,High Risk
13226.0,273,2,312.46,2,2,2,6,2.0,Lost Customers,0.6,0.6,0.6,60.0,High Risk
13218.0,127,1,62.63999999999999,3,1,1,5,1.6666666666666667,Potential Loyalists,0.4,0.8,0.8,60.0,High Risk
14518.0,64,1,174.37,3,1,1,5,1.6666666666666667,Potential Loyalists,0.4,0.8,0.8,60.0,High Risk
17753.0,464,4,382.06,1,4,2,7,2.3333333333333335,At Risk,0.8,0.19999999999999996,0.6,60.0,High Risk
17741.0,407,2,101.1,2,3,1,6,2.0,At Risk,0.6,0.4,0.8,60.0,High Risk
17701.0,253,1,417.95,2,2,2,6,2.0,Lost Customers,0.6,0.6,0.6,60.0,High Risk
14564.0,435,2,2605.62,1,2,4,7,2.3333333333333335,Lost Customers,0.8,0.6,0.19999999999999996,60.0,High Risk
14558.0,654,3,655.5,1,3,3,7,2.3333333333333335,At Risk,0.8,0.4,0.4,60.0,High Risk
14556.0,596,3,815.69,1,3,3,7,2.3333333333333335,At Risk,0.8,0.4,0.4,60.0,High Risk
14542.0,186,1,103.25,3,1,1,5,1.6666666666666667,Potential Loyalists,0.4,0.8,0.8,60.0,High Risk
14523.0,108,1,241.09,3,1,1,5,1.6666666666666667,Potential Loyalists,0.4,0.8,0.8,60.0,High Risk
13193.0,61,1,112.08,3,1,1,5,1.6666666666666667,Potential Loyalists,0.4,0.8,0.8,60.0,High Risk
14603.0,275,1,660.0,2,1,3,6,2.0,Lost Customers,0.6,0.8,0.4,60.0,High Risk
14599.0,390,2,457.89,2,2,2,6,2.0,Lost Customers,0.6,0.6,0.6,60.0,High Risk
14652.0,77,1,114.18,3,1,1,5,1.6666666666666667,Potential Loyalists,0.4,0.8,0.8,60.0,High Risk
14343.0,421,4,1079.66,1,3,3,7,2.3333333333333335,At Risk,0.8,0.4,0.4,60.0,High Risk
14311.0,243,2,516.45,2,2,2,6,2.0,Lost Customers,0.6,0.6,0.6,60.0,High Risk
17821.0,406,1,334.62,2,2,2,6,2.0,Lost Customers,0.6,0.6,0.6,60.0,High Risk
17815.0,393,1,591.96,2,2,2,6,2.0,Lost Customers,0.6,0.6,0.6,60.0,High Risk
17801.0,451,3,770.03,1,3,3,7,2.3333333333333335,At Risk,0.8,0.4,0.4,60.0,High Risk
13287.0,603,3,781.59,1,3,3,7,2.3333333333333335,At Risk,0.8,0.4,0.4,60.0,High Risk
13279.0,78,1,137.75,3,1,1,5,1.6666666666666667,Potential Loyalists,0.4,0.8,0.8,60.0,High Risk
13273.0,113,1,138.98,3,1,1,5,1.6666666666666667,Potential Loyalists,0.4,0.8,0.8,60.0,High Risk
14455.0,432,4,617.72,1,3,3,7,2.3333333333333335,At Risk,0.8,0.4,0.4,60.0,High Risk
14430.0,512,3,1220.9,1,3,3,7,2.3333333333333335,At Risk,0.8,0.4,0.4,60.0,High Risk
14425.0,435,3,661.39,1,3,3,7,2.3333333333333335,At Risk,0.8,0.4,0.4,60.0,High Risk
14411.0,311,1,1063.0,2,1,3,6,2.0,Lost Customers,0.6,0.8,0.4,60.0,High Risk
14406.0,119,1,156.75,3,1,1,5,1.6666666666666667,Potential Loyalists,0.4,0.8,0.8,60.0,High Risk
13252.0,394,2,399.3,2,2,2,6,2.0,Lost Customers,0.6,0.6,0.6,60.0,High Risk
13244.0,93,1,121.74000000000001,3,1,1,5,1.6666666666666667,Potential Loyalists,0.4,0.8,0.8,60.0,High Risk
13237.0,388,1,643.0,2,1,3,6,2.0,Lost Customers,0.6,0.8,0.4,60.0,High Risk
13361.0,472,2,1450.5,1,2,4,7,2.3333333333333335,Lost Customers,0.8,0.6,0.19999999999999996,60.0,High Risk
13348.0,64,1,233.76,3,1,1,5,1.6666666666666667,Potential Loyalists,0.4,0.8,0.8,60.0,High Risk
13346.0,463,6,299.4,1,4,2,7,2.3333333333333335,At Risk,0.8,0.19999999999999996,0.6,60.0,High Risk
13341.0,261,1,775.85,2,1,3,6,2.0,Lost Customers,0.6,0.8,0.4,60.0,High Risk
13339.0,201,1,860.12,2,1,3,6,2.0,Lost Customers,0.6,0.8,0.4,60.0,High Risk
13333.0,411,3,1015.74,1,3,3,7,2.3333333333333335,At Risk,0.8,0.4,0.4,60.0,High Risk
17903.0,394,1,381.09000000000003,2,2,2,6,2.0,Lost Customers,0.6,0.6,0.6,60.0,High Risk
17900.0,190,2,112.19999999999999,2,3,1,6,2.0,At Risk,0.6,0.4,0.8,60.0,High Risk
17845.0,555,4,596.09,1,4,2,7,2.3333333333333335,At Risk,0.8,0.19999999999999996,0.6,60.0,High Risk
17834.0,415,2,689.6700000000001,1,3,3,7,2.3333333333333335,At Risk,0.8,0.4,0.4,60.0,High Risk
14302.0,431,3,742.9000000000001,1,3,3,7,2.3333333333333335,At Risk,0.8,0.4,0.4,60.0,High Risk
14283.0,463,4,628.4399999999999,1,3,3,7,2.3333333333333335,At Risk,0.8,0.4,0.4,60.0,High Risk
14260.0,471,3,824.28,1,3,3,7,2.3333333333333335,At Risk,0.8,0.4,0.4,60.0,High Risk
14259.0,142,1,120.0,3,1,1,5,1.6666666666666667,Potential Loyalists,0.4,0.8,0.8,60.0,High Risk
14358.0,389,2,400.06,2,2,2,6,2.0,Lost Customers,0.6,0.6,0.6,60.0,High Risk
14351.0,165,1,51.0,3,1,1,5,1.6666666666666667,Potential Loyalists,0.4,0.8,0.8,60.0,High Risk
14082.0,365,2,413.36,2,2,2,6,2.0,Lost Customers,0.6,0.6,0.6,60.0,High Risk
14076.0,129,1,118.67,3,1,1,5,1.6666666666666667,Potential Loyalists,0.4,0.8,0.8,60.0,High Risk
14061.0,507,3,917.4300000000001,1,3,3,7,2.3333333333333335,At Risk,0.8,0.4,0.4,60.0,High Risk
14054.0,65,1,92.46,3,1,1,5,1.6666666666666667,Potential Loyalists,0.4,0.8,0.8,60.0,High Risk
17946.0,233,2,149.57999999999998,2,3,1,6,2.0,At Risk,0.6,0.4,0.8,60.0,High Risk
14148.0,234,2,466.29,2,2,2,6,2.0,Lost Customers,0.6,0.6,0.6,60.0,High Risk
14143.0,134,1,115.8,3,1,1,5,1.6666666666666667,Potential Loyalists,0.4,0.8,0.8,60.0,High Risk
14117.0,144,1,90.0,3,1,1,5,1.6666666666666667,Potential Loyalists,0.4,0.8,0.8,60.0,High Risk
14237.0,373,2,471.14,2,2,2,6,2.0,Lost Customers,0.6,0.6,0.6,60.0,High Risk
14230.0,436,3,979.8000000000001,1,3,3,7,2.3333333333333335,At Risk,0.8,0.4,0.4,60.0,High Risk
14228.0,438,3,745.5,1,3,3,7,2.3333333333333335,At Risk,0.8,0.4,0.4,60.0,High Risk
14213.0,405,1,1192.2,2,1,3,6,2.0,Lost Customers,0.6,0.8,0.4,60.0,High Risk
14182.0,444,4,678.77,1,3,3,7,2.3333333333333335,At Risk,0.8,0.4,0.4,60.0,High Risk
13371.0,505,2,2297.66,1,2,4,7,2.3333333333333335,Lost Customers,0.8,0.6,0.19999999999999996,60.0,High Risk
13370.0,372,1,754.87,2,1,3,6,2.0,Lost Customers,0.6,0.8,0.4,60.0,High Risk
13364.0,71,1,134.95999999999998,3,1,1,5,1.6666666666666667,Potential Loyalists,0.4,0.8,0.8,60.0,High Risk
13964.0,387,2,438.9,2,2,2,6,2.0,Lost Customers,0.6,0.6,0.6,60.0,High Risk
13947.0,65,1,90.6,3,1,1,5,1.6666666666666667,Potential Loyalists,0.4,0.8,0.8,60.0,High Risk
13934.0,264,1,922.1,2,1,3,6,2.0,Lost Customers,0.6,0.8,0.4,60.0,High Risk
13893.0,298,1,821.1,2,1,3,6,2.0,Lost Customers,0.6,0.8,0.4,60.0,High Risk
18003.0,376,1,353.51,2,2,2,6,2.0,Lost Customers,0.6,0.6,0.6,60.0,High Risk
17976.0,372,1,321.79,2,2,2,6,2.0,Lost Customers,0.6,0.6,0.6,60.0,High Risk
17970.0,211,1,562.79,2,2,2,6,2.0,Lost Customers,0.6,0.6,0.6,60.0,High Risk
17967.0,372,2,223.42,2,3,1,6,2.0,At Risk,0.6,0.4,0.8,60.0,High Risk
13415.0,473,4,784.17,1,3,3,7,2.3333333333333335,At Risk,0.8,0.4,0.4,60.0,High Risk
13413.0,640,6,429.44,1,4,2,7,2.3333333333333335,At Risk,0.8,0.19999999999999996,0.6,60.0,High Risk
13411.0,107,1,213.55,3,1,1,5,1.6666666666666667,Potential Loyalists,0.4,0.8,0.8,60.0,High Risk
13393.0,584,4,1131.45,1,3,3,7,2.3333333333333335,At Risk,0.8,0.4,0.4,60.0,High Risk
14036.0,285,1,626.65,2,1,3,6,2.0,Lost Customers,0.6,0.8,0.4,60.0,High Risk
14027.0,61,1,104.82,3,1,1,5,1.6666666666666667,Potential Loyalists,0.4,0.8,0.8,60.0,High Risk
14109.0,73,1,144.2,3,1,1,5,1.6666666666666667,Potential Loyalists,0.4,0.8,0.8,60.0,High Risk
14100.0,138,1,191.95000000000002,3,1,1,5,1.6666666666666667,Potential Loyalists,0.4,0.8,0.8,60.0,High Risk
13820.0,418,3,652.75,1,3,3,7,2.3333333333333335,At Risk,0.8,0.4,0.4,60.0,High Risk
13806.0,64,1,256.38,3,1,1,5,1.6666666666666667,Potential Loyalists,0.4,0.8,0.8,60.0,High Risk
13797.0,437,3,1179.45,1,3,3,7,2.3333333333333335,At Risk,0.8,0.4,0.4,60.0,High Risk
13773.0,397,2,301.54,2,2,2,6,2.0,Lost Customers,0.6,0.6,0.6,60.0,High Risk
13770.0,422,4,785.37,1,3,3,7,2.3333333333333335,At Risk,0.8,0.4,0.4,60.0,High Risk
13482.0,232,2,336.09,2,2,2,6,2.0,Lost Customers,0.6,0.6,0.6,60.0,High Risk
18063.0,391,2,186.60000000000002,2,3,1,6,2.0,At Risk,0.6,0.4,0.8,60.0,High Risk
18031.0,379,1,451.3,2,2,2,6,2.0,Lost Customers,0.6,0.6,0.6,60.0,High Risk
13886.0,71,1,243.56,3,1,1,5,1.6666666666666667,Potential Loyalists,0.4,0.8,0.8,60.0,High Risk
13876.0,64,1,122.7,3,1,1,5,1.6666666666666667,Potential Loyalists,0.4,0.8,0.8,60.0,High Risk
13872.0,527,3,919.57,1,3,3,7,2.3333333333333335,At Risk,0.8,0.4,0.4,60.0,High Risk
13866.0,74,1,145.67000000000002,3,1,1,5,1.6666666666666667,Potential Loyalists,0.4,0.8,0.8,60.0,High Risk
13864.0,387,1,662.4000000000001,2,1,3,6,2.0,Lost Customers,0.6,0.8,0.4,60.0,High Risk
13859.0,326,2,515.86,2,2,2,6,2.0,Lost Customers,0.6,0.6,0.6,60.0,High Risk
13826.0,176,1,189.5,3,1,1,5,1.6666666666666667,Potential Loyalists,0.4,0.8,0.8,60.0,High Risk
13965.0,477,3,996.61,1,3,3,7,2.3333333333333335,At Risk,0.8,0.4,0.4,60.0,High Risk
16608.0,454,2,1286.6200000000001,1,2,4,7,2.3333333333333335,Lost Customers,0.8,0.6,0.19999999999999996,60.0,High Risk
12354.0,232,1,1079.4,2,1,3,6,2.0,Lost Customers,0.6,0.8,0.4,60.0,High Risk
18159.0,301,1,530.15,2,2,2,6,2.0,Lost Customers,0.6,0.6,0.6,60.0,High Risk
13568.0,173,1,187.05,3,1,1,5,1.6666666666666667,Potential Loyalists,0.4,0.8,0.8,60.0,High Risk
13567.0,428,4,1079.29,1,3,3,7,2.3333333333333335,At Risk,0.8,0.4,0.4,60.0,High Risk
18275.0,578,2,741.85,1,3,3,7,2.3333333333333335,At Risk,0.8,0.4,0.4,60.0,High Risk
18271.0,610,2,680.85,1,3,3,7,2.3333333333333335,At Risk,0.8,0.4,0.4,60.0,High Risk
13621.0,117,1,213.85,3,1,1,5,1.6666666666666667,Potential Loyalists,0.4,0.8,0.8,60.0,High Risk
13618.0,174,1,177.34,3,1,1,5,1.6666666666666667,Potential Loyalists,0.4,0.8,0.8,60.0,High Risk
13605.0,387,2,522.67,2,2,2,6,2.0,Lost Customers,0.6,0.6,0.6,60.0,High Risk
13600.0,312,2,518.42,2,2,2,6,2.0,Lost Customers,0.6,0.6,0.6,60.0,High Risk
13597.0,400,2,396.71,2,2,2,6,2.0,Lost Customers,0.6,0.6,0.6,60.0,High Risk
13595.0,517,3,784.48,1,3,3,7,2.3333333333333335,At Risk,0.8,0.4,0.4,60.0,High Risk
13585.0,531,3,684.54,1,3,3,7,2.3333333333333335,At Risk,0.8,0.4,0.4,60.0,High Risk
13545.0,391,2,364.93,2,2,2,6,2.0,Lost Customers,0.6,0.6,0.6,60.0,High Risk
13543.0,634,2,1439.6100000000001,1,2,4,7,2.3333333333333335,Lost Customers,0.8,0.6,0.19999999999999996,60.0,High Risk
12505.0,409,1,955.2,2,1,3,6,2.0,Lost Customers,0.6,0.8,0.4,60.0,High Risk
16521.0,415,3,1140.11,1,3,3,7,2.3333333333333335,At Risk,0.8,0.4,0.4,60.0,High Risk
16501.0,383,1,1191.23,2,1,3,6,2.0,Lost Customers,0.6,0.8,0.4,60.0,High Risk
16494.0,297,1,826.53,2,1,3,6,2.0,Lost Customers,0.6,0.8,0.4,60.0,High Risk
16489.0,380,2,303.7,2,2,2,6,2.0,Lost Customers,0.6,0.6,0.6,60.0,High Risk
12548.0,166,1,95.19999999999999,3,1,1,5,1.6666666666666667,Potential Loyalists,0.4,0.8,0.8,60.0,High Risk
16893.0,367,2,249.89000000000001,2,3,1,6,2.0,At Risk,0.6,0.4,0.8,60.0,High Risk
16850.0,334,1,332.41,2,2,2,6,2.0,Lost Customers,0.6,0.6,0.6,60.0,High Risk
16844.0,563,2,614.34,1,3,3,7,2.3333333333333335,At Risk,0.8,0.4,0.4,60.0,High Risk
16591.0,69,1,213.5,3,1,1,5,1.6666666666666667,Potential Loyalists,0.4,0.8,0.8,60.0,High Risk
16590.0,401,2,605.9,2,2,2,6,2.0,Lost Customers,0.6,0.6,0.6,60.0,High Risk
16583.0,374,2,297.95,2,2,2,6,2.0,Lost Customers,0.6,0.6,0.6,60.0,High Risk
16581.0,183,1,105.84,3,1,1,5,1.6666666666666667,Potential Loyalists,0.4,0.8,0.8,60.0,High Risk
16552.0,243,2,379.73,2,2,2,6,2.0,Lost Customers,0.6,0.6,0.6,60.0,High Risk
16544.0,520,4,376.70000000000005,1,4,2,7,2.3333333333333335,At Risk,0.8,0.19999999999999996,0.6,60.0,High Risk
12419.0,386,2,503.01,2,2,2,6,2.0,Lost Customers,0.6,0.6,0.6,60.0,High Risk
